SET @CGUID := 901087; -- fill in these values according to the actuality
SET @OGUID := 901088; -- fill in these values according to the actuality

DELETE FROM `gameobject_template_addon` WHERE `entry` IN (209354 /*209354*/, 213091 /*213091*/, 209353 /*209353*/, 215133 /*215133*/, 215834 /*215834*/, 215835 /*215835*/, 187191 /*187191*/, 210805 /*210805*/, 278575 /*278575*/, 215318 /*215318*/, 216302 /*216302*/, 213090 /*213090*/, 213270 /*213270*/, 213271 /*213271*/, 213268 /*213268*/, 213269 /*213269*/, 215973 /*215973*/);
INSERT INTO `gameobject_template_addon` (`entry`, `faction`, `flags`, `WorldEffectID`, `AIAnimKitID`) VALUES
(209354, 0, 278528, 0, 0), -- 209354
(213091, 1375, 32, 0, 0), -- 213091
(209353, 0, 278528, 0, 0), -- 209353
(215133, 0, 4, 0, 0), -- 215133
(215834, 1732, 32, 0, 0), -- 215834
(215835, 1375, 32, 0, 0), -- 215835
(187191, 114, 0, 0, 0), -- 187191
(210805, 1732, 0, 0, 0), -- 210805
(278575, 12, 262144, 8830, 0), -- 278575
(215318, 0, 32, 0, 0), -- 215318
(216302, 0, 4, 0, 0), -- 216302
(213090, 1375, 32, 0, 0), -- 213090
(213270, 1375, 32, 0, 0), -- 213270
(213271, 1375, 32, 0, 0), -- 213271
(213268, 1375, 32, 0, 0), -- 213268
(213269, 1375, 32, 0, 0), -- 213269
(215973, 1732, 0, 0, 0); -- 215973

DELETE FROM `quest_poi` WHERE (`QuestID`=50599 AND `BlobIndex`=0 AND `Idx1`=0) OR (`QuestID`=53436 AND `BlobIndex`=0 AND `Idx1`=1) OR (`QuestID`=53436 AND `BlobIndex`=0 AND `Idx1`=0) OR (`QuestID`=31309 AND `BlobIndex`=0 AND `Idx1`=1) OR (`QuestID`=31309 AND `BlobIndex`=0 AND `Idx1`=0) OR (`QuestID`=50604 AND `BlobIndex`=0 AND `Idx1`=1) OR (`QuestID`=50604 AND `BlobIndex`=0 AND `Idx1`=0) OR (`QuestID`=50562 AND `BlobIndex`=0 AND `Idx1`=0) OR (`QuestID`=50417 AND `BlobIndex`=1 AND `Idx1`=3) OR (`QuestID`=50417 AND `BlobIndex`=0 AND `Idx1`=2) OR (`QuestID`=50417 AND `BlobIndex`=0 AND `Idx1`=1) OR (`QuestID`=50417 AND `BlobIndex`=0 AND `Idx1`=0) OR (`QuestID`=49929 AND `BlobIndex`=1 AND `Idx1`=2) OR (`QuestID`=49929 AND `BlobIndex`=0 AND `Idx1`=1) OR (`QuestID`=49929 AND `BlobIndex`=0 AND `Idx1`=0) OR (`QuestID`=38258 AND `BlobIndex`=0 AND `Idx1`=2) OR (`QuestID`=38258 AND `BlobIndex`=1 AND `Idx1`=1) OR (`QuestID`=38258 AND `BlobIndex`=0 AND `Idx1`=0) OR (`QuestID`=36495 AND `BlobIndex`=3 AND `Idx1`=4) OR (`QuestID`=36495 AND `BlobIndex`=2 AND `Idx1`=3) OR (`QuestID`=36495 AND `BlobIndex`=1 AND `Idx1`=2) OR (`QuestID`=36495 AND `BlobIndex`=0 AND `Idx1`=1) OR (`QuestID`=36495 AND `BlobIndex`=0 AND `Idx1`=0) OR (`QuestID`=36239 AND `BlobIndex`=0 AND `Idx1`=0);
INSERT INTO `quest_poi` (`QuestID`, `BlobIndex`, `Idx1`, `ObjectiveIndex`, `QuestObjectiveID`, `QuestObjectID`, `MapID`, `UiMapID`, `Priority`, `Flags`, `WorldEffectID`, `PlayerConditionID`, `NavigationPlayerConditionID`, `SpawnTrackingID`, `AlwaysAllowMergingBlobs`, `VerifiedBuild`) VALUES
(50599, 0, 0, -1, 0, 0, 1643, 895, 0, 0, 0, 0, 0, 1483954, 0, 41488), -- 50599
(53436, 0, 1, 0, 341370, 132935, 1643, 1161, 0, 0, 0, 0, 0, 1429886, 0, 41488), -- 53436
(53436, 0, 0, -1, 0, 0, 1643, 1161, 0, 0, 0, 0, 0, 1429886, 0, 41488), -- 53436
(31309, 0, 1, 32, 0, 0, 0, 37, 0, 0, 0, 0, 0, 666068, 0, 41488), -- 31309
(31309, 0, 0, -1, 0, 0, 0, 37, 0, 0, 0, 0, 0, 0, 0, 41488), -- 31309
(50604, 0, 1, -1, 0, 0, 1642, 862, 0, 0, 0, 923, 0, 1578973, 0, 41488), -- 50604
(50604, 0, 0, -1, 0, 0, 1643, 942, 0, 0, 0, 924, 0, 1483872, 0, 41488), -- 50604
(50562, 0, 0, -1, 0, 0, 1, 81, 0, 0, 0, 0, 0, 1448534, 0, 41488), -- 50562
(50417, 1, 3, 32, 0, 0, 1643, 942, 0, 0, 0, 923, 0, 1603256, 0, 41488), -- 50417
(50417, 0, 2, 32, 0, 0, 1643, 942, 0, 0, 0, 924, 0, 1603273, 0, 41488), -- 50417
(50417, 0, 1, -1, 0, 0, 1643, 942, 0, 0, 0, 0, 0, 1604175, 0, 41488), -- 50417
(50417, 0, 0, -1, 0, 0, 1643, 942, 0, 0, 0, 0, 0, 1460267, 0, 41488), -- 50417
(49929, 1, 2, 32, 0, 0, 0, 84, 0, 0, 0, 0, 0, 1410010, 0, 41488), -- 49929
(49929, 0, 1, 32, 0, 0, 0, 84, 0, 0, 0, 0, 0, 1410009, 0, 41488), -- 49929
(49929, 0, 0, -1, 0, 0, 0, 84, 0, 0, 0, 0, 0, 1410010, 0, 41488), -- 49929
(38258, 0, 2, 32, 0, 0, 1116, 543, 0, 0, 0, 0, 0, 1007483, 0, 41488), -- 38258
(38258, 1, 1, -1, 0, 0, 1116, 582, 0, 0, 0, 0, 0, 1007983, 0, 41488), -- 38258
(38258, 0, 0, -1, 0, 0, 1116, 582, 0, 0, 0, 0, 0, 1007983, 0, 41488), -- 38258
(36495, 3, 4, 32, 0, 0, 1116, 543, 0, 0, 0, 0, 0, 883245, 0, 41488), -- 36495
(36495, 2, 3, 32, 0, 0, 1116, 543, 0, 0, 0, 0, 0, 883243, 0, 41488), -- 36495
(36495, 1, 2, 32, 0, 0, 1116, 543, 0, 0, 0, 0, 0, 884259, 0, 41488), -- 36495
(36495, 0, 1, 32, 0, 0, 1116, 543, 0, 0, 0, 0, 0, 929733, 0, 41488), -- 36495
(36495, 0, 0, -1, 0, 0, 1116, 582, 0, 0, 0, 0, 0, 893896, 0, 41488), -- 36495
(36239, 0, 0, -1, 0, 0, 1116, 539, 0, 0, 0, 0, 0, 928968, 0, 41488); -- 36239

DELETE FROM `quest_poi_points` WHERE (`QuestID`=50599 AND `Idx1`=0 AND `Idx2`=0) OR (`QuestID`=53436 AND `Idx1`=1 AND `Idx2`=0) OR (`QuestID`=53436 AND `Idx1`=0 AND `Idx2`=0) OR (`QuestID`=31309 AND `Idx1`=1 AND `Idx2`=0) OR (`QuestID`=31309 AND `Idx1`=0 AND `Idx2`=0) OR (`QuestID`=50604 AND `Idx1`=1 AND `Idx2`=0) OR (`QuestID`=50604 AND `Idx1`=0 AND `Idx2`=0) OR (`QuestID`=50562 AND `Idx1`=0 AND `Idx2`=0) OR (`QuestID`=50417 AND `Idx1`=3 AND `Idx2`=0) OR (`QuestID`=50417 AND `Idx1`=2 AND `Idx2`=0) OR (`QuestID`=50417 AND `Idx1`=1 AND `Idx2`=0) OR (`QuestID`=50417 AND `Idx1`=0 AND `Idx2`=0) OR (`QuestID`=49929 AND `Idx1`=2 AND `Idx2`=0) OR (`QuestID`=49929 AND `Idx1`=1 AND `Idx2`=0) OR (`QuestID`=49929 AND `Idx1`=0 AND `Idx2`=0) OR (`QuestID`=38258 AND `Idx1`=2 AND `Idx2`=0) OR (`QuestID`=38258 AND `Idx1`=1 AND `Idx2`=0) OR (`QuestID`=38258 AND `Idx1`=0 AND `Idx2`=0) OR (`QuestID`=36495 AND `Idx1`=4 AND `Idx2`=0) OR (`QuestID`=36495 AND `Idx1`=3 AND `Idx2`=0) OR (`QuestID`=36495 AND `Idx1`=2 AND `Idx2`=0) OR (`QuestID`=36495 AND `Idx1`=1 AND `Idx2`=0) OR (`QuestID`=36495 AND `Idx1`=0 AND `Idx2`=0) OR (`QuestID`=36239 AND `Idx1`=0 AND `Idx2`=0);

INSERT INTO `quest_poi_points` (`QuestID`, `Idx1`, `Idx2`, `X`, `Y`, `Z`, `VerifiedBuild`) VALUES
(50599, 0, 0, 1026, -452, 10, 41488), -- 50599
(53436, 1, 0, 936, -466, 8, 41488), -- 53436
(53436, 0, 0, 936, -464, 8, 41488), -- 53436
(31309, 1, 0, -9468, 136, 58, 41488), -- 31309
(31309, 0, 0, -9468, 135, 58, 41488), -- 31309
(50604, 1, 0, -331, -342, 260, 41488), -- 50604
(50604, 0, 0, 3785, 1042, 10, 41488), -- 50604
(50562, 0, 0, -7071, 1270, -92, 41488), -- 50562
(50417, 3, 0, 3960, 508, 120, 41488), -- 50417
(50417, 2, 0, 2576, -35, 120, 41488), -- 50417
(50417, 1, 0, 3091, -1117, 36, 41488), -- 50417
(50417, 0, 0, 3091, -1117, 36, 41488), -- 50417
(49929, 2, 0, -8151, 819, 76, 41488), -- 49929
(49929, 1, 0, -8151, 818, 76, 41488), -- 49929
(49929, 0, 0, -8151, 819, 76, 41488), -- 49929
(38258, 2, 0, 8680, 928, 57, 41488), -- 38258
(38258, 1, 0, 1946, 327, 90, 41488), -- 38258
(38258, 0, 0, 1946, 327, 90, 41488), -- 38258
(36495, 4, 0, 6733, -106, 76, 41488), -- 36495
(36495, 3, 0, 6471, -162, 76, 41488), -- 36495
(36495, 2, 0, 6337, 746, 76, 41488), -- 36495
(36495, 1, 0, 6310, 700, 76, 41488), -- 36495
(36495, 0, 0, 1924, 284, 89, 41488), -- 36495
(36239, 0, 0, 1699, -1606, 0, 41488); -- 36239

DELETE FROM `creature` WHERE `guid` BETWEEN @CGUID+0 AND @CGUID+125;
replace INTO `creature` (`guid`, `id`, `map`, `zoneId`, `areaId`, `spawnDifficulties`, `PhaseId`, `PhaseGroup`, `modelid`, `equipment_id`, `position_x`, `position_y`, `position_z`, `orientation`, `spawntimesecs`, `wander_distance`, `currentwaypoint`, `curhealth`, `curmana`, `MovementType`, `npcflag`, `unit_flags`, `dynamicflags`, `VerifiedBuild`) VALUES
(@CGUID+0, 66350, 870, 5785, 6516, '0', '0', 0, 0, 0, -276.555572509765625, -1672.8055419921875, 54.42720794677734375, 4.560758113861083984, 120, 0, 0, 9945, 0, 0, 0, 0, 0, 41488), -- 66350 (Area: 6516 - Difficulty: 0) (Auras: 122236 - 122236)
(@CGUID+1, 65909, 870, 5785, 6516, '0', '0', 0, 0, 0, -291.907989501953125, -1709.1822509765625, 53.1901702880859375, 1.58149266242980957, 120, 0, 0, 1989, 0, 0, 0, 0, 0, 41488), -- 65909 (Area: 6516 - Difficulty: 0)
(@CGUID+2, 54896, 870, 5785, 6516, '0', '0', 0, 0, 0, -306.54974365234375, -1601.2734375, 36.30849075317382812, 5.681499004364013671, 120, 10, 0, 1989, 0, 1, 0, 0, 0, 41488), -- 54896 (Area: 6516 - Difficulty: 0) (possible waypoints or random movement)
(@CGUID+3, 66963, 870, 5785, 6516, '0', '0', 0, 0, 0, -296.765625, -1776.373291015625, 61.67603683471679687, 2.81031036376953125, 120, 0, 0, 1591, 2680, 0, 0, 0, 0, 41488), -- 66963 (Area: 6516 - Difficulty: 0) (Auras: 39550 - 39550)
(@CGUID+4, 65979, 870, 5785, 6516, '0', '0', 0, 0, 0, -288.65625, -1694.873291015625, 53.1901702880859375, 4.466057300567626953, 120, 0, 0, 1989, 0, 0, 0, 0, 0, 41488), -- 65979 (Area: 6516 - Difficulty: 0)
(@CGUID+5, 65914, 870, 5785, 6516, '0', '0', 0, 0, 0, -260.493072509765625, -1786.15625, 61.67603683471679687, 2.671745061874389648, 120, 0, 0, 1989, 0, 0, 0, 0, 0, 41488), -- 65914 (Area: 6516 - Difficulty: 0)
(@CGUID+6, 66433, 870, 5785, 6516, '0', '0', 0, 0, 0, -572.33331298828125, -1438.9427490234375, -0.07477106899023056, 4.901259422302246093, 120, 0, 0, 1989, 0, 0, 0, 0, 0, 41488), -- 66433 (Area: 6516 - Difficulty: 0) (Auras: 130894 - 130894)
(@CGUID+7, 66433, 870, 5785, 6516, '0', '0', 0, 0, 0, -287.524322509765625, -1561.69970703125, 47.29258346557617187, 1.272622466087341308, 120, 0, 0, 1989, 0, 0, 0, 0, 0, 41488), -- 66433 (Area: 6516 - Difficulty: 0)
(@CGUID+8, 59979, 870, 5785, 6516, '0', '0', 0, 0, 0, -330.833343505859375, -1624.638916015625, 43.93341827392578125, 3.209841012954711914, 120, 0, 0, 597, 0, 0, 0, 0, 0, 41488), -- 59979 (Area: 6516 - Difficulty: 0)
(@CGUID+9, 66433, 870, 5785, 6516, '0', '0', 0, 0, 0, -486.286468505859375, -1530.1475830078125, 18.28472328186035156, 5.919419765472412109, 120, 0, 0, 1989, 0, 0, 0, 0, 0, 41488), -- 66433 (Area: 6516 - Difficulty: 0) (Auras: 130894 - 130894)
(@CGUID+10, 65926, 870, 5785, 6516, '0', '0', 0, 0, 0, -363.84722900390625, -1712.7135009765625, 48.8287811279296875, 6.125064849853515625, 120, 10, 0, 1989, 0, 1, 0, 0, 0, 41488), -- 65926 (Area: 6516 - Difficulty: 0) (possible waypoints or random movement)
(@CGUID+11, 59979, 870, 5785, 6516, '0', '0', 0, 0, 0, -327.40972900390625, -1614.4427490234375, 42.81658935546875, 4.193212032318115234, 120, 0, 0, 597, 0, 0, 0, 0, 0, 41488), -- 59979 (Area: 6516 - Difficulty: 0)
(@CGUID+12, 65981, 870, 5785, 6516, '0', '0', 0, 0, 0, -292.84722900390625, -1648.0399169921875, 53.763519287109375, 3.40648651123046875, 120, 10, 0, 1989, 0, 1, 0, 0, 0, 41488), -- 65981 (Area: 6516 - Difficulty: 0) (possible waypoints or random movement)
(@CGUID+13, 66023, 870, 5785, 6516, '0', '0', 0, 0, 0, -310.64410400390625, -1763.0555419921875, 61.67603683471679687, 6.227427005767822265, 120, 0, 0, 11791, 2434, 0, 0, 0, 0, 41488), -- 66023 (Area: 6516 - Difficulty: 0)
(@CGUID+14, 66459, 870, 5785, 6516, '0', '0', 0, 0, 0, -636.375, -1707.592041015625, 15.80746936798095703, 4.571269035339355468, 120, 0, 0, 1989, 0, 0, 0, 0, 0, 41488), -- 66459 (Area: 6516 - Difficulty: 0) (Auras: 70628 - 70628)
(@CGUID+15, 65900, 870, 5785, 6516, '0', '0', 0, 0, 0, -308.9132080078125, -1659.717041015625, 53.16869735717773437, 5.610894680023193359, 120, 0, 0, 1989, 0, 0, 0, 0, 0, 41488), -- 65900 (Area: 6516 - Difficulty: 0)
(@CGUID+16, 65937, 870, 5785, 6516, '0', '0', 0, 0, 0, -335.295135498046875, -1675.0625, 46.32764434814453125, 5.215401649475097656, 120, 0, 0, 1989, 0, 0, 0, 0, 0, 41488), -- 65937 (Area: 6516 - Difficulty: 0)
(@CGUID+17, 66459, 870, 5785, 6516, '0', '0', 0, 0, 0, -548.578125, -1644.5850830078125, 12.53249835968017578, 1.16083991527557373, 120, 0, 0, 1989, 0, 0, 0, 0, 0, 41488), -- 66459 (Area: 6516 - Difficulty: 0) (Auras: 70628 - 70628)
(@CGUID+18, 66459, 870, 5785, 6516, '0', '0', 0, 0, 0, -541.701416015625, -1670.1822509765625, 10.47684669494628906, 4.756148815155029296, 120, 0, 0, 1989, 0, 0, 0, 0, 0, 41488), -- 66459 (Area: 6516 - Difficulty: 0) (Auras: 70628 - 70628)
(@CGUID+19, 66432, 870, 5785, 6516, '0', '0', 0, 0, 0, -662.248291015625, -1696.467041015625, 16.06717872619628906, 1.52581024169921875, 120, 0, 0, 1989, 0, 0, 0, 0, 0, 41488), -- 66432 (Area: 6516 - Difficulty: 0) (Auras: 70628 - 70628)
(@CGUID+20, 54627, 870, 5785, 6516, '0', '0', 0, 0, 0, -326.59173583984375, -1619.7523193359375, 43.67421340942382812, 1.561037421226501464, 120, 0, 0, 1989, 0, 0, 0, 0, 0, 41488), -- 54627 (Area: 6516 - Difficulty: 0)
(@CGUID+21, 66433, 870, 5785, 6516, '0', '0', 0, 0, 0, -601.63018798828125, -1630.34375, 15.892181396484375, 3.431684255599975585, 120, 0, 0, 1989, 0, 0, 0, 0, 0, 41488), -- 66433 (Area: 6516 - Difficulty: 0) (Auras: 130683 - 130683)
(@CGUID+22, 66433, 870, 5785, 6516, '0', '0', 0, 0, 0, -310.286468505859375, -1621.07470703125, 45.68889617919921875, 5.053429603576660156, 120, 0, 0, 1989, 0, 0, 0, 0, 0, 41488), -- 66433 (Area: 6516 - Difficulty: 0)
(@CGUID+23, 66459, 870, 5785, 6516, '0', '0', 0, 0, 0, -677.75177001953125, -1660.91845703125, 16.95083808898925781, 2.925621986389160156, 120, 0, 0, 1989, 0, 0, 0, 0, 0, 41488), -- 66459 (Area: 6516 - Difficulty: 0) (Auras: 70628 - 70628)
(@CGUID+24, 66459, 870, 5785, 6516, '0', '0', 0, 0, 0, -645.6875, -1648.8004150390625, 15.62311267852783203, 0.038197185844182968, 120, 0, 0, 1989, 0, 0, 0, 0, 0, 41488), -- 66459 (Area: 6516 - Difficulty: 0) (Auras: 70628 - 70628)
(@CGUID+25, 66433, 870, 5785, 6516, '0', '0', 0, 0, 0, -528.97393798828125, -1454.3507080078125, 6.792183876037597656, 0.425739318132400512, 120, 0, 0, 1989, 0, 0, 0, 0, 0, 41488), -- 66433 (Area: 6516 - Difficulty: 0) (Auras: 130683 - 130683)
(@CGUID+26, 66459, 870, 5785, 6516, '0', '0', 0, 0, 0, -584.26043701171875, -1651.9722900390625, 12.82948207855224609, 0.512061953544616699, 120, 0, 0, 1989, 0, 0, 0, 0, 0, 41488), -- 66459 (Area: 6516 - Difficulty: 0)
(@CGUID+27, 67020, 870, 5785, 6516, '0', '0', 0, 0, 0, -310.4375, -1779.953125, 62.56485748291015625, 2.128963470458984375, 120, 0, 0, 1989, 0, 0, 0, 0, 0, 41488), -- 67020 (Area: 6516 - Difficulty: 0) (Auras: 32783 - 32783)
(@CGUID+28, 54896, 870, 5785, 6516, '0', '0', 0, 0, 0, -257.99371337890625, -1642.5115966796875, 51.55580902099609375, 0.53004157543182373, 120, 10, 0, 1989, 0, 1, 0, 0, 0, 41488), -- 54896 (Area: 6516 - Difficulty: 0) (possible waypoints or random movement)
(@CGUID+29, 66433, 870, 5785, 6516, '0', '0', 0, 0, 0, -495.545135498046875, -1574.967041015625, 7.814273834228515625, 1.912108778953552246, 120, 0, 0, 1989, 0, 0, 0, 0, 0, 41488), -- 66433 (Area: 6516 - Difficulty: 0) (Auras: 130683 - 130683)
(@CGUID+30, 66666, 870, 5785, 6516, '0', '0', 0, 0, 0, -354.935760498046875, -1684.03125, 46.31720733642578125, 2.268703222274780273, 120, 0, 0, 5967, 0, 0, 0, 0, 0, 41488), -- 66666 (Area: 6516 - Difficulty: 0) (Auras: 18950 - 18950)
(@CGUID+31, 66459, 870, 5785, 6516, '0', '0', 0, 0, 0, -557.4444580078125, -1716.842041015625, 8.72042083740234375, 1.994890809059143066, 120, 0, 0, 1989, 0, 0, 0, 0, 0, 41488), -- 66459 (Area: 6516 - Difficulty: 0) (Auras: 70628 - 70628)
(@CGUID+32, 66433, 870, 5785, 6516, '0', '0', 0, 0, 0, -354.598968505859375, -1424.4913330078125, 2.724183559417724609, 6.126111984252929687, 120, 0, 0, 1989, 0, 0, 0, 0, 0, 41488), -- 66433 (Area: 6516 - Difficulty: 0) (Auras: 130683 - 130683)
(@CGUID+33, 66433, 870, 5785, 6516, '0', '0', 0, 0, 0, -469.80902099609375, -1393.5728759765625, 1.499584317207336425, 6.02651071548461914, 120, 0, 0, 1989, 0, 0, 0, 0, 0, 41488), -- 66433 (Area: 6516 - Difficulty: 0) (Auras: 130894 - 130894)
(@CGUID+34, 64596, 870, 5785, 6516, '0', '0', 0, 0, 0, -289.289947509765625, -1775.578125, 61.95539093017578125, 3.896899223327636718, 120, 0, 0, 1989, 0, 0, 0, 0, 0, 41488), -- 64596 (Area: 6516 - Difficulty: 0)
(@CGUID+35, 65907, 870, 5785, 6516, '0', '0', 0, 0, 0, -273.0538330078125, -1681.8125, 54.42720794677734375, 3.136112928390502929, 120, 0, 0, 1989, 0, 0, 0, 0, 0, 41488), -- 65907 (Area: 6516 - Difficulty: 0)
(@CGUID+36, 59312, 870, 5785, 6516, '0', '0', 0, 0, 0, -263.999420166015625, -1637.23779296875, 50.99429702758789062, 4.131428718566894531, 120, 10, 0, 27, 0, 1, 0, 0, 0, 41488), -- 59312 (Area: 6516 - Difficulty: 0) (possible waypoints or random movement)
(@CGUID+37, 66459, 870, 5785, 6516, '0', '0', 0, 0, 0, -590.8975830078125, -1676.482666015625, 11.73539257049560546, 1.468158125877380371, 120, 0, 0, 1989, 0, 0, 0, 0, 0, 41488), -- 66459 (Area: 6516 - Difficulty: 0) (Auras: 70628 - 70628)
(@CGUID+38, 66266, 870, 5785, 6516, '0', '0', 0, 0, 0, -290.25347900390625, -1669.60595703125, 53.1901702880859375, 3.527314186096191406, 120, 0, 0, 1989, 0, 0, 0, 0, 0, 41488), -- 66266 (Area: 6516 - Difficulty: 0)
(@CGUID+39, 59979, 870, 5785, 6516, '0', '0', 0, 0, 0, -327.477447509765625, -1618.3228759765625, 43.42600250244140625, 2.893454313278198242, 120, 0, 0, 597, 0, 0, 0, 0, 0, 41488), -- 59979 (Area: 6516 - Difficulty: 0)
(@CGUID+40, 66433, 870, 5785, 6516, '0', '0', 0, 0, 0, -395.78125, -1518.3350830078125, 25.181488037109375, 1.858294129371643066, 120, 0, 0, 1989, 0, 0, 0, 0, 0, 41488), -- 66433 (Area: 6516 - Difficulty: 0)
(@CGUID+41, 66459, 870, 5785, 6516, '0', '0', 0, 0, 0, -563.61981201171875, -1667.9635009765625, 11.67684078216552734, 2.188690662384033203, 120, 0, 0, 1989, 0, 0, 0, 0, 0, 41488), -- 66459 (Area: 6516 - Difficulty: 0) (Auras: 70628 - 70628)
(@CGUID+42, 67025, 870, 5785, 6516, '0', '0', 0, 0, 0, -352.888885498046875, -1726.3385009765625, 48.30049896240234375, 1.000806331634521484, 120, 0, 0, 1989, 0, 0, 0, 0, 0, 41488), -- 67025 (Area: 6516 - Difficulty: 0)
(@CGUID+43, 66433, 870, 5785, 6516, '0', '0', 0, 0, 0, -408.328125, -1701.0242919921875, 24.53593063354492187, 5.053429603576660156, 120, 0, 0, 1989, 0, 0, 0, 0, 0, 41488), -- 66433 (Area: 6516 - Difficulty: 0)
(@CGUID+44, 59979, 870, 5785, 6516, '0', '0', 0, 0, 0, -326.56597900390625, -1616.77783203125, 43.27985382080078125, 3.028201580047607421, 120, 0, 0, 597, 0, 0, 0, 0, 0, 41488), -- 59979 (Area: 6516 - Difficulty: 0)
(@CGUID+45, 59745, 870, 5785, 6516, '0', '0', 0, 0, 0, -214.064987182617187, -1719.6329345703125, 67.25588226318359375, 4.209460258483886718, 120, 10, 0, 1193, 0, 1, 0, 0, 0, 41488), -- 59745 (Area: 6516 - Difficulty: 0) (possible waypoints or random movement)
(@CGUID+46, 67024, 870, 5785, 6516, '0', '0', 0, 0, 0, -346.243072509765625, -1688.65625, 46.37432479858398437, 0.941617071628570556, 120, 0, 0, 1989, 0, 0, 0, 0, 0, 41488), -- 67024 (Area: 6516 - Difficulty: 0)
(@CGUID+47, 66459, 870, 5785, 6516, '0', '0', 0, 0, 0, -605.54339599609375, -1648.8072509765625, 13.26357555389404296, 4.569745540618896484, 120, 0, 0, 1989, 0, 0, 0, 0, 0, 41488), -- 66459 (Area: 6516 - Difficulty: 0) (Auras: 70628 - 70628)
(@CGUID+48, 66567, 870, 5785, 6516, '0', '0', 0, 0, 0, -313.619781494140625, -1614.9444580078125, 44.52274322509765625, 1.064603924751281738, 120, 0, 0, 1989, 0, 0, 0, 0, 0, 41488), -- 61492 (Area: 6516 - Difficulty: 0)
(@CGUID+49, 65927, 870, 5785, 6516, '0', '0', 0, 0, 0, -236.916671752929687, -1748.85595703125, 65.13736724853515625, 2.980717897415161132, 120, 0, 0, 1989, 0, 0, 0, 0, 0, 41488), -- 65927 (Area: 6516 - Difficulty: 0) (Auras: 129697 - 129697)
(@CGUID+50, 59745, 870, 5785, 6516, '0', '0', 0, 0, 0, -216.968963623046875, -1724.909423828125, 67.94191741943359375, 4.581256389617919921, 120, 10, 0, 1193, 0, 1, 0, 0, 0, 41488), -- 59745 (Area: 6516 - Difficulty: 0) (possible waypoints or random movement)
(@CGUID+51, 59312, 870, 5785, 6516, '0', '0', 0, 0, 0, -317.0494384765625, -1616.968017578125, 44.374847412109375, 2.2898101806640625, 120, 10, 0, 27, 0, 1, 0, 0, 0, 41488), -- 59312 (Area: 6516 - Difficulty: 0) (possible waypoints or random movement)
(@CGUID+52, 65893, 870, 5785, 6516, '0', '0', 0, 0, 0, -233.892364501953125, -1716.99658203125, 64.1618804931640625, 0.69008946418762207, 120, 0, 0, 1989, 0, 0, 0, 0, 0, 41488), -- 65893 (Area: 6516 - Difficulty: 0)
(@CGUID+53, 67026, 870, 5785, 6516, '0', '0', 0, 0, 0, -333.154510498046875, -1678.0660400390625, 46.32764434814453125, 2.239178895950317382, 120, 0, 0, 1989, 0, 0, 0, 0, 0, 41488), -- 67026 (Area: 6516 - Difficulty: 0)
(@CGUID+54, 66666, 870, 5785, 6516, '0', '0', 0, 0, 0, -339.798614501953125, -1666.375, 46.3172149658203125, 2.448319673538208007, 120, 0, 0, 5967, 0, 0, 0, 0, 0, 41488), -- 66666 (Area: 6516 - Difficulty: 0) (Auras: 18950 - 18950)
(@CGUID+55, 65980, 870, 5785, 6516, '0', '0', 0, 0, 0, -289.59722900390625, -1698.142333984375, 53.1901702880859375, 1.304347038269042968, 120, 0, 0, 1989, 0, 0, 0, 0, 0, 41488), -- 65980 (Area: 6516 - Difficulty: 0)
(@CGUID+56, 65923, 870, 5785, 6516, '0', '0', 0, 0, 0, -261.5850830078125, -1778.765625, 61.59270477294921875, 3.097326517105102539, 120, 0, 0, 1989, 0, 0, 0, 0, 0, 41488), -- 65923 (Area: 6516 - Difficulty: 0)
(@CGUID+57, 66666, 870, 5785, 6516, '0', '0', 0, 0, 0, -238.598953247070312, -1673.388916015625, 58.61850738525390625, 0.493329286575317382, 120, 0, 0, 5967, 0, 0, 0, 0, 0, 41488), -- 66666 (Area: 6516 - Difficulty: 0) (Auras: 18950 - 18950)
(@CGUID+58, 66433, 870, 5785, 6516, '0', '0', 0, 0, 0, -356.171875, -1594.451416015625, 32.54848480224609375, 3.431684255599975585, 120, 0, 0, 1989, 0, 0, 0, 0, 0, 41488), -- 66433 (Area: 6516 - Difficulty: 0)
(@CGUID+59, 65983, 870, 5785, 6516, '0', '0', 0, 0, 0, -342.5694580078125, -1727.8004150390625, 46.22211837768554687, 4.825038433074951171, 120, 0, 0, 1989, 0, 0, 0, 0, 0, 41488), -- 65983 (Area: 6516 - Difficulty: 0)
(@CGUID+60, 66666, 870, 5785, 6516, '0', '0', 0, 0, 0, -228.685760498046875, -1667.6910400390625, 58.34498214721679687, 1.608367085456848144, 120, 0, 0, 5967, 0, 0, 0, 0, 0, 41488), -- 66666 (Area: 6516 - Difficulty: 0) (Auras: 18950 - 18950)
(@CGUID+61, 66459, 870, 5785, 6516, '0', '0', 0, 0, 0, -617.41839599609375, -1696.3472900390625, 13.26020336151123046, 2.925621986389160156, 120, 0, 0, 1989, 0, 0, 0, 0, 0, 41488), -- 66459 (Area: 6516 - Difficulty: 0) (Auras: 70628 - 70628)
(@CGUID+62, 66459, 870, 5785, 6516, '0', '0', 0, 0, 0, -587.91668701171875, -1737.548583984375, 7.514249324798583984, 4.569745540618896484, 120, 0, 0, 1989, 0, 0, 0, 0, 0, 41488), -- 66459 (Area: 6516 - Difficulty: 0) (Auras: 70628 - 70628)
(@CGUID+63, 65982, 870, 5785, 6516, '0', '0', 0, 0, 0, -342.170135498046875, -1731.2569580078125, 46.22211837768554687, 1.813617467880249023, 120, 0, 0, 1989, 0, 0, 0, 0, 0, 41488), -- 65982 (Area: 6516 - Difficulty: 0)
(@CGUID+64, 66433, 870, 5785, 6516, '0', '0', 0, 0, 0, -458.99652099609375, -1599.19970703125, 16.31219673156738281, 4.175162315368652343, 120, 0, 0, 1989, 0, 0, 0, 0, 0, 41488), -- 66433 (Area: 6516 - Difficulty: 0) (Auras: 130683 - 130683)
(@CGUID+65, 66351, 870, 5785, 6516, '0', '0', 0, 0, 0, -305.337432861328125, -1754.838623046875, 61.32892990112304687, 5.397291183471679687, 120, 10, 0, 9945, 0, 1, 0, 0, 0, 41488), -- 66351 (Area: 6516 - Difficulty: 0) (Auras: 106283 - 106283) (possible waypoints or random movement)
(@CGUID+66, 66433, 870, 5785, 6516, '0', '0', 0, 0, 0, -376.017364501953125, -1471.3629150390625, 24.90416717529296875, 0.49941408634185791, 120, 0, 0, 1989, 0, 0, 0, 0, 0, 41488), -- 66433 (Area: 6516 - Difficulty: 0) (Auras: 130894 - 130894)
(@CGUID+67, 66565, 870, 5785, 6516, '0', '0', 0, 0, 0, -317.4600830078125, -1625.4583740234375, 45.18906402587890625, 2.91021728515625, 120, 0, 0, 1989, 0, 0, 0, 0, 0, 41488), -- 61492 (Area: 6516 - Difficulty: 0) (Auras: 130865 - 130865)
(@CGUID+68, 59979, 870, 5785, 6516, '0', '0', 0, 0, 0, -335.9722900390625, -1596.0006103515625, 37.83234786987304687, 0.272044926881790161, 120, 10, 0, 597, 0, 1, 0, 0, 0, 41488), -- 59979 (Area: 6516 - Difficulty: 0) (possible waypoints or random movement)
(@CGUID+69, 66565, 870, 5785, 6516, '0', '0', 0, 0, 0, -355.045135498046875, -1589.2117919921875, 32.66248703002929687, 5.623994350433349609, 120, 0, 0, 1989, 0, 0, 0, 0, 0, 41488), -- 61492 (Area: 6516 - Difficulty: 0)
(@CGUID+70, 54896, 870, 5785, 6516, '0', '0', 0, 0, 0, -303.162109375, -1575.0802001953125, 46.87495040893554687, 0.215207472443580627, 120, 10, 0, 1989, 0, 1, 0, 0, 0, 41488), -- 54896 (Area: 6516 - Difficulty: 0) (possible waypoints or random movement)
(@CGUID+71, 66564, 870, 5785, 6516, '0', '0', 0, 0, 0, -345.0538330078125, -1568.28125, 34.80540084838867187, 5.013917922973632812, 120, 0, 0, 1989, 0, 0, 0, 0, 0, 41488), -- 61492 (Area: 6516 - Difficulty: 0) (Auras: 119550 - 119550, 130865 - 130865, 130854 - 130854)
(@CGUID+72, 66565, 870, 5785, 6516, '0', '0', 0, 0, 0, -291.30035400390625, -1571.357666015625, 47.23653030395507812, 5.99481058120727539, 120, 0, 0, 1989, 0, 0, 0, 0, 0, 41488), -- 61492 (Area: 6516 - Difficulty: 0)
(@CGUID+73, 59979, 870, 5785, 6516, '0', '0', 0, 0, 0, -402.482635498046875, -1665.2083740234375, 30.32211112976074218, 1.156002044677734375, 120, 0, 0, 597, 0, 0, 0, 0, 0, 41488), -- 59979 (Area: 6516 - Difficulty: 0)
(@CGUID+74, 54627, 870, 5785, 6516, '0', '0', 0, 0, 0, -404.108856201171875, -1682.406982421875, 27.11550521850585937, 2.994728803634643554, 120, 10, 0, 1989, 0, 1, 0, 0, 0, 41488), -- 54627 (Area: 6516 - Difficulty: 0) (possible waypoints or random movement)
(@CGUID+75, 66433, 870, 5785, 6516, '0', '0', 0, 0, 0, -697.7430419921875, -1669.029541015625, 16.73003387451171875, 5.053429603576660156, 120, 0, 0, 1989, 0, 0, 0, 0, 0, 41488), -- 66433 (Area: 6516 - Difficulty: 0) (Auras: 130682 - 130682)
(@CGUID+76, 54627, 870, 5785, 6516, '0', '0', 0, 0, 0, -365.356048583984375, -1592.205078125, 32.80377578735351562, 5.226538658142089843, 120, 0, 0, 1989, 0, 0, 0, 0, 0, 41488), -- 54627 (Area: 6516 - Difficulty: 0)
(@CGUID+77, 66432, 870, 5785, 6516, '0', '0', 0, 0, 0, -700.19964599609375, -1699.157958984375, 16.344085693359375, 2.270092248916625976, 120, 0, 0, 1989, 0, 0, 0, 0, 0, 41488), -- 66432 (Area: 6516 - Difficulty: 0) (Auras: 70628 - 70628)
(@CGUID+78, 59979, 870, 5785, 6516, '0', '0', 0, 0, 0, -408.336822509765625, -1668.7725830078125, 27.310455322265625, 0.86667567491531372, 120, 0, 0, 597, 0, 0, 0, 0, 0, 41488), -- 59979 (Area: 6516 - Difficulty: 0)
(@CGUID+79, 59979, 870, 5785, 6516, '0', '0', 0, 0, 0, -365.78076171875, -1588.403076171875, 33.24934005737304687, 4.932055473327636718, 120, 10, 0, 597, 0, 1, 0, 0, 0, 41488), -- 59979 (Area: 6516 - Difficulty: 0) (possible waypoints or random movement)
(@CGUID+80, 54896, 870, 5785, 6516, '0', '0', 0, 0, 0, -387.08294677734375, -1742.520751953125, 17.85356330871582031, 2.727729082107543945, 120, 10, 0, 1989, 0, 1, 0, 0, 0, 41488), -- 54896 (Area: 6516 - Difficulty: 0) (possible waypoints or random movement)
(@CGUID+81, 59979, 870, 5785, 6516, '0', '0', 0, 0, 0, -363.196990966796875, -1589.9276123046875, 33.37653732299804687, 5.085674285888671875, 120, 0, 0, 597, 0, 0, 0, 0, 0, 41488), -- 59979 (Area: 6516 - Difficulty: 0)
(@CGUID+82, 54896, 870, 5785, 6516, '0', '0', 0, 0, 0, -426.890350341796875, -1675.29296875, 21.13544273376464843, 2.529875993728637695, 120, 10, 0, 1989, 0, 1, 0, 0, 0, 41488), -- 54896 (Area: 6516 - Difficulty: 0) (possible waypoints or random movement)
(@CGUID+83, 59979, 870, 5785, 6516, '0', '0', 0, 0, 0, -415.489593505859375, -1646.689208984375, 31.37678146362304687, 4.271773338317871093, 120, 0, 0, 597, 0, 0, 0, 0, 0, 41488), -- 59979 (Area: 6516 - Difficulty: 0)
(@CGUID+84, 59979, 870, 5785, 6516, '0', '0', 0, 0, 0, -413.157989501953125, -1661.7742919921875, 30.98691558837890625, 5.747396469116210937, 120, 0, 0, 597, 0, 0, 0, 0, 0, 41488), -- 59979 (Area: 6516 - Difficulty: 0)
(@CGUID+85, 59979, 870, 5785, 6516, '0', '0', 0, 0, 0, -404.28472900390625, -1648.7847900390625, 33.96231460571289062, 3.957933425903320312, 120, 0, 0, 597, 0, 0, 0, 0, 0, 41488), -- 59979 (Area: 6516 - Difficulty: 0)
(@CGUID+86, 59979, 870, 5785, 6516, '0', '0', 0, 0, 0, -405.727447509765625, -1668.62158203125, 28.01818275451660156, 2.825319766998291015, 120, 0, 0, 597, 0, 0, 0, 0, 0, 41488), -- 59979 (Area: 6516 - Difficulty: 0)
(@CGUID+87, 59979, 870, 5785, 6516, '0', '0', 0, 0, 0, -418.243072509765625, -1646.4149169921875, 30.26168632507324218, 3.396257877349853515, 120, 0, 0, 597, 0, 0, 0, 0, 0, 41488), -- 59979 (Area: 6516 - Difficulty: 0)
(@CGUID+88, 64761, 870, 5785, 6516, '0', '0', 0, 0, 0, -412.335296630859375, -1635.4041748046875, 30.52736663818359375, 4.737774372100830078, 120, 10, 0, 5, 0, 1, 0, 0, 0, 41488), -- 64761 (Area: 6516 - Difficulty: 0) (possible waypoints or random movement)
(@CGUID+89, 63004, 870, 5785, 6516, '0', '0', 0, 0, 0, -417.008697509765625, -1685.1441650390625, 24.41523361206054687, 0.157079637050628662, 120, 10, 0, 27, 0, 1, 0, 0, 0, 41488), -- 63004 (Area: 6516 - Difficulty: 0) (possible waypoints or random movement)
(@CGUID+90, 54896, 870, 5785, 6516, '0', '0', 0, 0, 0, -402.376953125, -1640.884765625, 33.33842086791992187, 2.10083770751953125, 120, 10, 0, 1989, 0, 1, 0, 0, 0, 41488), -- 54896 (Area: 6516 - Difficulty: 0) (possible waypoints or random movement)
(@CGUID+91, 54896, 870, 5785, 6516, '0', '0', 0, 0, 0, -411.424072265625, -1731.760498046875, 15.73065662384033203, 6.161715984344482421, 120, 10, 0, 1989, 0, 1, 0, 0, 0, 41488), -- 54896 (Area: 6516 - Difficulty: 0) (possible waypoints or random movement)
(@CGUID+92, 66567, 870, 5785, 6516, '0', '0', 0, 0, 0, -410.888885498046875, -1685.407958984375, 25.99773788452148437, 4.130660057067871093, 120, 0, 0, 1989, 0, 0, 0, 0, 0, 41488), -- 61492 (Area: 6516 - Difficulty: 0)
(@CGUID+93, 66459, 870, 5785, 6516, '0', '0', 0, 0, 0, -687.1649169921875, -1543.015625, 3.0140838623046875, 0.352922111749649047, 120, 0, 0, 1989, 0, 0, 0, 0, 0, 41488), -- 66459 (Area: 6516 - Difficulty: 0) (Auras: 70628 - 70628)
(@CGUID+94, 66432, 870, 5785, 6516, '0', '0', 0, 0, 0, -695.8992919921875, -1764.6336669921875, -0.4392159879207611, 1.485905408859252929, 120, 0, 0, 1989, 0, 0, 0, 0, 0, 41488), -- 66432 (Area: 6516 - Difficulty: 0) (Auras: 70628 - 70628)
(@CGUID+95, 66432, 870, 5785, 6516, '0', '0', 0, 0, 0, -673.11285400390625, -1516.8125, 1.686493515968322753, 4.024260520935058593, 120, 0, 0, 1989, 0, 0, 0, 0, 0, 41488), -- 66432 (Area: 6516 - Difficulty: 0) (Auras: 70628 - 70628)
(@CGUID+96, 66459, 870, 5785, 6516, '0', '0', 0, 0, 0, -728.69793701171875, -1740.5677490234375, 28.3331756591796875, 1.410075068473815917, 120, 0, 0, 1989, 0, 0, 0, 0, 0, 41488), -- 66459 (Area: 6516 - Difficulty: 0)
(@CGUID+97, 66459, 870, 5785, 6516, '0', '0', 0, 0, 0, -733.795166015625, -1643.04345703125, 16.3729095458984375, 0.986717700958251953, 120, 0, 0, 1989, 0, 0, 0, 0, 0, 41488), -- 66459 (Area: 6516 - Difficulty: 0) (Auras: 70628 - 70628)
(@CGUID+98, 63715, 870, 5785, 6516, '0', '0', 0, 0, 0, -381.885406494140625, -1587.1163330078125, 32.93631744384765625, 0.157079637050628662, 120, 0, 0, 5, 0, 0, 0, 0, 0, 41488), -- 63715 (Area: 6516 - Difficulty: 0)
(@CGUID+99, 64761, 870, 5785, 6516, '0', '0', 0, 0, 0, -446.836822509765625, -1699.142333984375, 10.85475349426269531, 0.157079637050628662, 120, 10, 0, 5, 0, 1, 0, 0, 0, 41488), -- 64761 (Area: 6516 - Difficulty: 0) (possible waypoints or random movement)
(@CGUID+100, 64761, 870, 5785, 6516, '0', '0', 0, 0, 0, -441.44189453125, -1724.6201171875, 7.858611106872558593, 4.248741626739501953, 120, 10, 0, 5, 0, 1, 0, 0, 0, 41488), -- 64761 (Area: 6516 - Difficulty: 0) (possible waypoints or random movement)
(@CGUID+101, 59311, 870, 5785, 6516, '0', '0', 0, 0, 0, -389.375, -1789.494140625, -8.6601715087890625, 5.015458583831787109, 120, 10, 0, 27, 0, 1, 0, 0, 0, 41488), -- 59311 (Area: 6516 - Difficulty: 0) (possible waypoints or random movement)
(@CGUID+102, 59311, 870, 5785, 6516, '0', '0', 0, 0, 0, -396.820953369140625, -1791.8438720703125, -4.02844476699829101, 2.151645183563232421, 120, 10, 0, 27, 0, 1, 0, 0, 0, 41488), -- 59311 (Area: 6516 - Difficulty: 0) (possible waypoints or random movement)
(@CGUID+103, 59311, 870, 5785, 6516, '0', '0', 0, 0, 0, -377.083984375, -1800, -3.11295914649963378, 2.12026214599609375, 120, 10, 0, 27, 0, 1, 0, 0, 0, 41488), -- 59311 (Area: 6516 - Difficulty: 0) (possible waypoints or random movement)
(@CGUID+104, 65908, 870, 5785, 6516, '0', '0', 0, 0, 0, -311.55902099609375, -1802.861083984375, 63.1551513671875, 0.611525714397430419, 120, 0, 0, 1989, 0, 0, 0, 0, 0, 41488), -- 65908 (Area: 6516 - Difficulty: 0)
(@CGUID+105, 59311, 870, 5785, 6516, '0', '0', 0, 0, 0, -390.58135986328125, -1799.8128662109375, -10.5023660659790039, 2.803719520568847656, 120, 10, 0, 27, 0, 1, 0, 0, 0, 41488), -- 59311 (Area: 6516 - Difficulty: 0) (possible waypoints or random movement)
(@CGUID+106, 59311, 870, 5785, 6516, '0', '0', 0, 0, 0, -405.757843017578125, -1793.3668212890625, -13.2095441818237304, 5.537600517272949218, 120, 10, 0, 27, 0, 1, 0, 0, 0, 41488), -- 59311 (Area: 6516 - Difficulty: 0) (possible waypoints or random movement)
(@CGUID+107, 59311, 870, 5785, 6516, '0', '0', 0, 0, 0, -416.102203369140625, -1785.21630859375, -4.29958057403564453, 4.954394817352294921, 120, 0, 0, 27, 0, 0, 0, 0, 0, 41488), -- 59311 (Area: 6516 - Difficulty: 0)
(@CGUID+108, 59311, 870, 5785, 6516, '0', '0', 0, 0, 0, -418.019805908203125, -1789.3154296875, -3.31102609634399414, 4.620908260345458984, 120, 10, 0, 27, 0, 1, 0, 0, 0, 41488), -- 59311 (Area: 6516 - Difficulty: 0) (possible waypoints or random movement)
(@CGUID+109, 59311, 870, 5785, 6516, '0', '0', 0, 0, 0, -438.80767822265625, -1772.7877197265625, -5.40425968170166015, 2.951392650604248046, 120, 0, 0, 27, 0, 0, 0, 0, 0, 41488), -- 59311 (Area: 6516 - Difficulty: 0)
(@CGUID+110, 54896, 870, 5785, 6516, '0', '0', 0, 0, 0, -449.341796875, -1732.805419921875, 5.391325950622558593, 5.16448831558227539, 120, 0, 0, 1989, 0, 0, 0, 0, 0, 41488), -- 54896 (Area: 6516 - Difficulty: 0)
(@CGUID+111, 66092, 870, 5785, 6516, '0', '0', 0, 0, 0, -412.00347900390625, -1804.63720703125, 45.89778518676757812, 4.958688259124755859, 120, 0, 0, 1989, 0, 0, 0, 0, 0, 41488), -- 66092 (Area: 6516 - Difficulty: 0)
(@CGUID+112, 61492, 870, 5785, 6516, '0', '0', 0, 0, 0, -406.0069580078125, -1695.217041015625, 25.31737899780273437, 1.064603924751281738, 120, 0, 0, 1989, 0, 0, 0, 0, 0, 41488), -- 61492 (Area: 6516 - Difficulty: 0) (Auras: 130865 - 130865)
(@CGUID+113, 65917, 870, 5785, 6516, '0', '0', 0, 0, 0, -275.260406494140625, -1803.2100830078125, 61.67603683471679687, 1.653024077415466308, 120, 0, 0, 1989, 0, 0, 0, 0, 0, 41488), -- 65917 (Area: 6516 - Difficulty: 0)
(@CGUID+114, 59785, 870, 5785, 6516, '0', '0', 0, 0, 0, -220.703079223632812, -1840.2423095703125, 64.29775238037109375, 0.948132693767547607, 120, 10, 0, 1989, 0, 1, 0, 0, 0, 41488), -- 59785 (Area: 6516 - Difficulty: 0) (possible waypoints or random movement)
(@CGUID+115, 59744, 870, 5785, 6516, '0', '0', 0, 0, 0, -179.208816528320312, -1845.60498046875, 65.5799407958984375, 0.467508912086486816, 120, 10, 0, 1591, 0, 1, 0, 0, 0, 41488), -- 59744 (Area: 6516 - Difficulty: 0) (possible waypoints or random movement)
(@CGUID+116, 59666, 870, 5785, 6516, '0', '0', 0, 0, 0, -143.089096069335937, -1788.0240478515625, 75.25876617431640625, 1.736360073089599609, 120, 10, 0, 27, 0, 1, 0, 0, 0, 41488), -- 59666 (Area: 6516 - Difficulty: 0) (possible waypoints or random movement)
(@CGUID+117, 59743, 870, 5785, 6516, '0', '0', 0, 0, 0, -173.771194458007812, -1851.2012939453125, 65.7416534423828125, 5.584944725036621093, 120, 10, 0, 1989, 0, 1, 0, 0, 0, 41488), -- 59743 (Area: 6516 - Difficulty: 0) (possible waypoints or random movement)
(@CGUID+118, 59745, 870, 5785, 6516, '0', '0', 0, 0, 0, -178.184661865234375, -1851.592529296875, 64.144927978515625, 1.955721497535705566, 120, 0, 0, 1193, 0, 0, 0, 0, 0, 41488), -- 59745 (Area: 6516 - Difficulty: 0)
(@CGUID+119, 59745, 870, 5785, 6516, '0', '0', 0, 0, 0, -177.22479248046875, -1848.030029296875, 65.72057342529296875, 0.719013869762420654, 120, 0, 0, 1193, 0, 0, 0, 0, 0, 41488), -- 59745 (Area: 6516 - Difficulty: 0)
(@CGUID+120, 59785, 870, 5785, 6516, '0', '0', 0, 0, 0, -163.94647216796875, -1806.630615234375, 81.33420562744140625, 5.214197158813476562, 120, 0, 0, 1989, 0, 0, 0, 0, 0, 41488), -- 59785 (Area: 6516 - Difficulty: 0)
(@CGUID+121, 59785, 870, 5785, 6516, '0', '0', 0, 0, 0, -182.911514282226562, -1869.8551025390625, 62.15468978881835937, 5.882673263549804687, 120, 0, 0, 1989, 0, 0, 0, 0, 0, 41488), -- 59785 (Area: 6516 - Difficulty: 0)
(@CGUID+122, 59785, 870, 5785, 6516, '0', '0', 0, 0, 0, -136.711959838867187, -1805.542724609375, 79.94971466064453125, 4.456048488616943359, 120, 0, 0, 1989, 0, 0, 0, 0, 0, 41488), -- 59785 (Area: 6516 - Difficulty: 0)
(@CGUID+123, 66567, 870, 5785, 6516, '0', '0', 0, 0, 0, -410.888885498046875, -1685.407958984375, 25.99773788452148437, 4.130660057067871093, 120, 0, 0, 1989, 0, 0, 0, 0, 0, 41488), -- 61492 (Area: 6516 - Difficulty: 0) (Auras: 130855 - 130855)
(@CGUID+124, 66567, 870, 5785, 6516, '0', '0', 0, 0, 0, -313.619781494140625, -1614.9444580078125, 44.52274322509765625, 1.064603924751281738, 120, 0, 0, 1989, 0, 0, 0, 0, 0, 41488), -- 61492 (Area: 6516 - Difficulty: 0)
(@CGUID+125, 66567, 870, 5785, 6516, '0', '0', 0, 0, 0, -317.4600830078125, -1625.4583740234375, 45.18906402587890625, 2.91021728515625, 120, 0, 0, 1989, 0, 0, 0, 0, 0, 41488); -- 61492 (Area: 6516 - Difficulty: 0)

DELETE FROM `creature_addon` WHERE `guid` BETWEEN @CGUID+0 AND @CGUID+125;
INSERT INTO `creature_addon` (`guid`, `path_id`, `mount`, `bytes1`, `bytes2`, `emote`, `aiAnimKit`, `movementAnimKit`, `meleeAnimKit`, `auras`) VALUES
(@CGUID+0, 0, 0, 0, 0, 0, 0, 0, 0, '122236'), -- 66350 - 122236 - 122236
(@CGUID+1, 0, 0, 0, 257, 0, 0, 0, 0, ''), -- 65909
(@CGUID+2, 0, 0, 0, 1, 0, 0, 0, 0, ''), -- 54896
(@CGUID+3, 0, 0, 0, 1, 0, 0, 0, 0, '39550'), -- 66963 - 39550 - 39550
(@CGUID+4, 0, 0, 0, 257, 0, 0, 0, 0, ''), -- 65979
(@CGUID+5, 0, 0, 0, 257, 0, 0, 0, 0, ''), -- 65914
(@CGUID+6, 0, 0, 0, 1, 0, 0, 0, 0, '130894'), -- 66433 - 130894 - 130894
(@CGUID+7, 0, 0, 0, 1, 0, 0, 0, 0, ''), -- 66433
(@CGUID+8, 0, 0, 0, 1, 0, 0, 0, 0, ''), -- 59979
(@CGUID+9, 0, 0, 0, 1, 0, 0, 0, 0, '130894'), -- 66433 - 130894 - 130894
(@CGUID+10, 0, 0, 0, 257, 0, 0, 0, 0, ''), -- 65926
(@CGUID+11, 0, 0, 0, 1, 0, 0, 0, 0, ''), -- 59979
(@CGUID+12, 0, 0, 8, 257, 0, 0, 0, 0, ''), -- 65981
(@CGUID+13, 0, 0, 0, 1, 0, 0, 0, 0, ''), -- 66023
(@CGUID+14, 0, 0, 0, 1, 0, 0, 0, 0, '70628'), -- 66459 - 70628 - 70628
(@CGUID+15, 0, 0, 0, 257, 0, 0, 0, 0, ''), -- 65900
(@CGUID+16, 0, 0, 0, 257, 0, 0, 0, 0, ''), -- 65937
(@CGUID+17, 0, 0, 0, 1, 0, 0, 0, 0, '70628'), -- 66459 - 70628 - 70628
(@CGUID+18, 0, 0, 0, 1, 0, 0, 0, 0, '70628'), -- 66459 - 70628 - 70628
(@CGUID+19, 0, 0, 0, 1, 0, 0, 0, 0, '70628'), -- 66432 - 70628 - 70628
(@CGUID+20, 0, 0, 0, 1, 0, 0, 0, 0, ''), -- 54627
(@CGUID+21, 0, 0, 0, 1, 0, 0, 0, 0, '130683'), -- 66433 - 130683 - 130683
(@CGUID+22, 0, 0, 0, 1, 0, 0, 0, 0, ''), -- 66433
(@CGUID+23, 0, 0, 0, 1, 0, 0, 0, 0, '70628'), -- 66459 - 70628 - 70628
(@CGUID+24, 0, 0, 0, 1, 0, 0, 0, 0, '70628'), -- 66459 - 70628 - 70628
(@CGUID+25, 0, 0, 0, 1, 0, 0, 0, 0, '130683'), -- 66433 - 130683 - 130683
(@CGUID+26, 0, 0, 0, 1, 0, 0, 0, 0, ''), -- 66459
(@CGUID+27, 0, 0, 0, 1, 0, 0, 0, 0, '32783'), -- 67020 - 32783 - 32783
(@CGUID+28, 0, 0, 0, 1, 0, 0, 0, 0, ''), -- 54896
(@CGUID+29, 0, 0, 0, 1, 0, 0, 0, 0, '130683'), -- 66433 - 130683 - 130683
(@CGUID+30, 0, 0, 0, 256, 0, 0, 0, 0, '18950'), -- 66666 - 18950 - 18950
(@CGUID+31, 0, 0, 0, 1, 0, 0, 0, 0, '70628'), -- 66459 - 70628 - 70628
(@CGUID+32, 0, 0, 0, 1, 0, 0, 0, 0, '130683'), -- 66433 - 130683 - 130683
(@CGUID+33, 0, 0, 0, 1, 0, 0, 0, 0, '130894'), -- 66433 - 130894 - 130894
(@CGUID+34, 0, 0, 0, 1, 0, 0, 0, 0, ''), -- 64596
(@CGUID+35, 0, 0, 0, 257, 0, 0, 0, 0, ''), -- 65907
(@CGUID+36, 0, 0, 0, 1, 0, 0, 0, 0, ''), -- 59312
(@CGUID+37, 0, 0, 0, 1, 0, 0, 0, 0, '70628'), -- 66459 - 70628 - 70628
(@CGUID+38, 0, 0, 0, 257, 0, 0, 0, 0, ''), -- 66266
(@CGUID+39, 0, 0, 0, 1, 0, 0, 0, 0, ''), -- 59979
(@CGUID+40, 0, 0, 0, 1, 0, 0, 0, 0, ''), -- 66433
(@CGUID+41, 0, 0, 0, 1, 0, 0, 0, 0, '70628'), -- 66459 - 70628 - 70628
(@CGUID+42, 0, 0, 0, 1, 0, 0, 0, 0, ''), -- 67025
(@CGUID+43, 0, 0, 0, 1, 0, 0, 0, 0, ''), -- 66433
(@CGUID+44, 0, 0, 0, 1, 0, 0, 0, 0, ''), -- 59979
(@CGUID+45, 0, 0, 0, 1, 0, 0, 0, 0, ''), -- 59745
(@CGUID+46, 0, 0, 0, 1, 0, 0, 0, 0, ''), -- 67024
(@CGUID+47, 0, 0, 0, 1, 0, 0, 0, 0, '70628'), -- 66459 - 70628 - 70628
(@CGUID+48, 0, 0, 0, 1, 0, 0, 0, 0, ''), -- 61492
(@CGUID+49, 0, 0, 1, 257, 0, 0, 0, 0, '129697'), -- 65927 - 129697 - 129697
(@CGUID+50, 0, 0, 0, 1, 0, 0, 0, 0, ''), -- 59745
(@CGUID+51, 0, 0, 0, 1, 0, 0, 0, 0, ''), -- 59312
(@CGUID+52, 0, 0, 8, 257, 0, 0, 0, 0, ''), -- 65893
(@CGUID+53, 0, 0, 0, 1, 0, 0, 0, 0, ''), -- 67026
(@CGUID+54, 0, 0, 0, 256, 0, 0, 0, 0, '18950'), -- 66666 - 18950 - 18950
(@CGUID+55, 0, 0, 0, 256, 0, 0, 0, 0, ''), -- 65980
(@CGUID+56, 0, 0, 0, 257, 0, 0, 0, 0, ''), -- 65923
(@CGUID+57, 0, 0, 0, 257, 0, 0, 0, 0, '18950'), -- 66666 - 18950 - 18950
(@CGUID+58, 0, 0, 0, 1, 0, 0, 0, 0, ''), -- 66433
(@CGUID+59, 0, 0, 0, 257, 0, 0, 0, 0, ''), -- 65983
(@CGUID+60, 0, 0, 0, 257, 0, 0, 0, 0, '18950'), -- 66666 - 18950 - 18950
(@CGUID+61, 0, 0, 0, 1, 0, 0, 0, 0, '70628'), -- 66459 - 70628 - 70628
(@CGUID+62, 0, 0, 0, 1, 0, 0, 0, 0, '70628'), -- 66459 - 70628 - 70628
(@CGUID+63, 0, 0, 0, 257, 0, 0, 0, 0, ''), -- 65982
(@CGUID+64, 0, 0, 0, 1, 0, 0, 0, 0, '130683'), -- 66433 - 130683 - 130683
(@CGUID+65, 0, 0, 0, 0, 0, 0, 0, 0, '106283'), -- 66351 - 106283 - 106283
(@CGUID+66, 0, 0, 0, 1, 0, 0, 0, 0, '130894'), -- 66433 - 130894 - 130894
(@CGUID+67, 0, 0, 0, 1, 0, 0, 0, 0, '130865'), -- 61492 - 130865 - 130865
(@CGUID+68, 0, 0, 0, 1, 0, 0, 0, 0, ''), -- 59979
(@CGUID+69, 0, 0, 0, 1, 0, 0, 0, 0, ''), -- 61492
(@CGUID+70, 0, 0, 0, 1, 0, 0, 0, 0, ''), -- 54896
(@CGUID+71, 0, 0, 0, 1, 0, 0, 0, 0, '119550 130865 130854'), -- 61492 - 119550 - 119550, 130865 - 130865, 130854 - 130854
(@CGUID+72, 0, 0, 0, 1, 0, 0, 0, 0, ''), -- 61492
(@CGUID+73, 0, 0, 0, 1, 0, 0, 0, 0, ''), -- 59979
(@CGUID+74, 0, 0, 0, 1, 0, 0, 0, 0, ''), -- 54627
(@CGUID+75, 0, 0, 0, 1, 0, 0, 0, 0, '130682'), -- 66433 - 130682 - 130682
(@CGUID+76, 0, 0, 0, 1, 0, 0, 0, 0, ''), -- 54627
(@CGUID+77, 0, 0, 0, 1, 0, 0, 0, 0, '70628'), -- 66432 - 70628 - 70628
(@CGUID+78, 0, 0, 0, 1, 0, 0, 0, 0, ''), -- 59979
(@CGUID+79, 0, 0, 0, 1, 0, 0, 0, 0, ''), -- 59979
(@CGUID+80, 0, 0, 0, 1, 0, 0, 0, 0, ''), -- 54896
(@CGUID+81, 0, 0, 0, 1, 0, 0, 0, 0, ''), -- 59979
(@CGUID+82, 0, 0, 0, 1, 0, 0, 0, 0, ''), -- 54896
(@CGUID+83, 0, 0, 0, 1, 0, 0, 0, 0, ''), -- 59979
(@CGUID+84, 0, 0, 0, 1, 0, 0, 0, 0, ''), -- 59979
(@CGUID+85, 0, 0, 0, 1, 0, 0, 0, 0, ''), -- 59979
(@CGUID+86, 0, 0, 0, 1, 0, 0, 0, 0, ''), -- 59979
(@CGUID+87, 0, 0, 0, 1, 0, 0, 0, 0, ''), -- 59979
(@CGUID+88, 0, 0, 0, 1, 0, 0, 0, 0, ''), -- 64761
(@CGUID+89, 0, 0, 0, 1, 0, 0, 0, 0, ''), -- 63004
(@CGUID+90, 0, 0, 0, 1, 0, 0, 0, 0, ''), -- 54896
(@CGUID+91, 0, 0, 0, 1, 0, 0, 0, 0, ''), -- 54896
(@CGUID+92, 0, 0, 0, 1, 0, 0, 0, 0, ''), -- 61492
(@CGUID+93, 0, 0, 0, 1, 0, 0, 0, 0, '70628'), -- 66459 - 70628 - 70628
(@CGUID+94, 0, 0, 0, 1, 0, 0, 0, 0, '70628'), -- 66432 - 70628 - 70628
(@CGUID+95, 0, 0, 0, 1, 0, 0, 0, 0, '70628'), -- 66432 - 70628 - 70628
(@CGUID+96, 0, 0, 0, 1, 0, 0, 0, 0, ''), -- 66459
(@CGUID+97, 0, 0, 0, 1, 0, 0, 0, 0, '70628'), -- 66459 - 70628 - 70628
(@CGUID+98, 0, 0, 0, 1, 0, 0, 0, 0, ''), -- 63715
(@CGUID+99, 0, 0, 0, 1, 0, 0, 0, 0, ''), -- 64761
(@CGUID+100, 0, 0, 0, 1, 0, 0, 0, 0, ''), -- 64761
(@CGUID+101, 0, 0, 0, 1, 0, 0, 0, 0, ''), -- 59311
(@CGUID+102, 0, 0, 0, 1, 0, 0, 0, 0, ''), -- 59311
(@CGUID+103, 0, 0, 0, 1, 0, 0, 0, 0, ''), -- 59311
(@CGUID+104, 0, 0, 0, 257, 0, 0, 0, 0, ''), -- 65908
(@CGUID+105, 0, 0, 0, 1, 0, 0, 0, 0, ''), -- 59311
(@CGUID+106, 0, 0, 0, 1, 0, 0, 0, 0, ''), -- 59311
(@CGUID+107, 0, 0, 0, 1, 0, 0, 0, 0, ''), -- 59311
(@CGUID+108, 0, 0, 0, 1, 0, 0, 0, 0, ''), -- 59311
(@CGUID+109, 0, 0, 0, 1, 0, 0, 0, 0, ''), -- 59311
(@CGUID+110, 0, 0, 0, 1, 0, 0, 0, 0, ''), -- 54896
(@CGUID+111, 0, 0, 0, 1, 0, 0, 0, 0, ''), -- 66092
(@CGUID+112, 0, 0, 0, 1, 0, 0, 0, 0, '130865'), -- 61492 - 130865 - 130865
(@CGUID+113, 0, 0, 0, 257, 0, 0, 0, 0, ''), -- 65917
(@CGUID+114, 0, 0, 50331648, 1, 0, 0, 0, 0, ''), -- 59785
(@CGUID+115, 0, 0, 0, 1, 0, 0, 0, 0, ''), -- 59744
(@CGUID+116, 0, 0, 0, 1, 0, 0, 0, 0, ''), -- 59666
(@CGUID+117, 0, 0, 0, 1, 0, 0, 0, 0, ''), -- 59743
(@CGUID+118, 0, 0, 0, 1, 0, 0, 0, 0, ''), -- 59745
(@CGUID+119, 0, 0, 0, 1, 0, 0, 0, 0, ''), -- 59745
(@CGUID+120, 0, 0, 50331648, 1, 0, 0, 0, 0, ''), -- 59785
(@CGUID+121, 0, 0, 50331648, 1, 0, 0, 0, 0, ''), -- 59785
(@CGUID+122, 0, 0, 50331648, 1, 0, 0, 0, 0, ''), -- 59785
(@CGUID+123, 0, 0, 0, 1, 0, 0, 0, 0, '130855'), -- 61492 - 130855 - 130855
(@CGUID+124, 0, 0, 0, 1, 0, 0, 0, 0, ''), -- 61492
(@CGUID+125, 0, 0, 0, 1, 0, 0, 0, 0, ''); -- 61492

DELETE FROM `gameobject` WHERE `guid` BETWEEN @OGUID+0 AND @OGUID+67;
INSERT INTO `gameobject` (`guid`, `id`, `map`, `zoneId`, `areaId`, `spawnDifficulties`, `PhaseId`, `PhaseGroup`, `position_x`, `position_y`, `position_z`, `orientation`, `rotation0`, `rotation1`, `rotation2`, `rotation3`, `spawntimesecs`, `animprogress`, `state`, `VerifiedBuild`) VALUES
(@OGUID+0, 212615, 870, 5785, 6516, '0', '0', 0, -276.648651123046875, -1683.6787109375, 54.254302978515625, 0.462512165307998657, 0, 0, 0.229200363159179687, 0.973379254341125488, 120, 255, 1, 41488), -- 212615 (Area: 6516 - Difficulty: 0)
(@OGUID+1, 212614, 870, 5785, 6516, '0', '0', 0, -271.828369140625, -1681.7615966796875, 54.36214065551757812, 0.017452461645007133, 0, 0, 0.008726119995117187, 0.999961912631988525, 120, 255, 1, 41488), -- 212614 (Area: 6516 - Difficulty: 0)
(@OGUID+2, 212617, 870, 5785, 6516, '0', '0', 0, -276.462188720703125, -1679.5797119140625, 54.27641677856445312, 5.742135047912597656, 0, 0, -0.26723766326904296, 0.96363067626953125, 120, 255, 1, 41488), -- 212617 (Area: 6516 - Difficulty: 0)
(@OGUID+3, 214569, 870, 5785, 6516, '0', '0', 0, -292.361846923828125, -1652.46337890625, 53.6749267578125, 1.151916384696960449, 0, 0, 0.544638633728027343, 0.838670849800109863, 120, 255, 1, 41488), -- 214569 (Area: 6516 - Difficulty: 0)
(@OGUID+4, 212616, 870, 5785, 6516, '0', '0', 0, -277.105499267578125, -1681.8597412109375, 54.2764129638671875, 0.052360795438289642, 0, 0, 0.026177406311035156, 0.999657332897186279, 120, 255, 1, 41488), -- 212616 (Area: 6516 - Difficulty: 0)
(@OGUID+5, 214568, 870, 5785, 6516, '0', '0', 0, -361.53289794921875, -1710.359375, 48.8264617919921875, 2.911327838897705078, 0, 0, 0.993379592895507812, 0.11487821489572525, 120, 255, 1, 41488), -- 214568 (Area: 6516 - Difficulty: 0)
(@OGUID+6, 212619, 870, 5785, 6516, '0', '0', 0, -278.424224853515625, -1689.111083984375, 54.254302978515625, 5.166176319122314453, 0, 0, -0.52991867065429687, 0.84804844856262207, 120, 255, 1, 41488), -- 212619 (Area: 6516 - Difficulty: 0)
(@OGUID+7, 215973, 870, 5785, 6516, '0', '0', 0, -285.807281494140625, -1678.8350830078125, 53.10683822631835937, 4.747295856475830078, 0, 0, -0.69465827941894531, 0.719339847564697265, 120, 255, 1, 41488), -- 215973 (Area: 6516 - Difficulty: 0)
(@OGUID+8, 212618, 870, 5785, 6516, '0', '0', 0, -274.86590576171875, -1689.0140380859375, 54.254302978515625, 4.127707481384277343, 0, 0, -0.880889892578125, 0.473321229219436645, 120, 255, 1, 41488), -- 212618 (Area: 6516 - Difficulty: 0)
(@OGUID+9, 214570, 870, 5785, 6516, '0', '0', 0, -289.466217041015625, -1651.861328125, 53.766510009765625, 2.117217779159545898, 0, 0, 0.871674537658691406, 0.490085154771804809, 120, 255, 1, 41488), -- 214570 (Area: 6516 - Difficulty: 0)
(@OGUID+10, 213269, 870, 5785, 6516, '0', '0', 0, 912.248291015625, -2489.1728515625, 180.48114013671875, 5.969027042388916015, 0, 0, -0.1564340591430664, 0.987688362598419189, 120, 255, 0, 41488), -- 213269 (Area: 6516 - Difficulty: 0)
(@OGUID+11, 212620, 870, 5785, 6516, '0', '0', 0, -276.77337646484375, -1693.3009033203125, 53.50890731811523437, 0.008726147934794425, 0, 0, 0.004363059997558593, 0.999990463256835937, 120, 255, 1, 41488), -- 212620 (Area: 6516 - Difficulty: 0)
(@OGUID+12, 213268, 870, 5785, 6516, '0', '0', 0, 942.92645263671875, -2520.05908203125, 180.4810638427734375, 1.256635904312133789, 0, 0, 0.587784767150878906, 0.809017360210418701, 120, 255, 0, 41488), -- 213268 (Area: 6516 - Difficulty: 0)
(@OGUID+13, 213271, 870, 5785, 6516, '0', '0', 0, 985.79400634765625, -2513.16796875, 180.4948272705078125, 2.827429771423339843, 0, 0, 0.987688064575195312, 0.156436234712600708, 120, 255, 0, 41488), -- 213271 (Area: 6516 - Difficulty: 0)
(@OGUID+14, 213270, 870, 5785, 6516, '0', '0', 0, 956.8359375, -2477.249755859375, 180.4809722900390625, 1.256635904312133789, 0, 0, 0.587784767150878906, 0.809017360210418701, 120, 255, 1, 41488), -- 213270 (Area: 6516 - Difficulty: 0)
(@OGUID+15, 213090, 870, 5785, 6516, '0', '0', 0, 821.27886962890625, -2531.2763671875, 180.2696990966796875, 4.398232460021972656, 0, 0, -0.80901622772216796, 0.587786316871643066, 120, 255, 0, 41488), -- 213090 (Area: 6516 - Difficulty: 0)
(@OGUID+16, 216301, 870, 5785, 6516, '0', '0', 0, -362.944244384765625, -1717.036376953125, 48.81980133056640625, 1.419456124305725097, 0, 0, 0.651627540588378906, 0.758539080619812011, 120, 255, 1, 41488), -- 216301 (Area: 6516 - Difficulty: 0)
(@OGUID+17, 216302, 870, 5785, 6516, '0', '0', 0, -295.90185546875, -1649.065185546875, 53.73886871337890625, 5.53843545913696289, 0, 0, -0.36382865905761718, 0.931465864181518554, 120, 255, 1, 41488), -- 216302 (Area: 6516 - Difficulty: 0)
(@OGUID+18, 215318, 870, 5785, 6516, '0', '0', 0, -653.70489501953125, -1523.814208984375, 17.16913223266601562, 0, 0, 0, 0, 1, 120, 255, 1, 41488), -- 215318 (Area: 6516 - Difficulty: 0)
(@OGUID+19, 214568, 870, 5785, 6516, '0', '0', 0, -361.53289794921875, -1710.359375, 48.8264617919921875, 2.911327838897705078, 0, 0, 0.993379592895507812, 0.11487821489572525, 120, 255, 1, 41488), -- 214568 (Area: 6516 - Difficulty: 0)
(@OGUID+20, 187194, 870, 5785, 6516, '0', '0', 0, -286.263885498046875, -1681.795166015625, 60.05602264404296875, 3.148900747299194335, 0, 0, -0.99999332427978515, 0.003653962397947907, 120, 255, 1, 41488), -- 187194 (Area: 6516 - Difficulty: 0)
(@OGUID+21, 214570, 870, 5785, 6516, '0', '0', 0, -289.466217041015625, -1651.861328125, 53.766510009765625, 2.117217779159545898, 0, 0, 0.871674537658691406, 0.490085154771804809, 120, 255, 1, 41488), -- 214570 (Area: 6516 - Difficulty: 0)
(@OGUID+22, 213269, 870, 5785, 6516, '0', '0', 0, 912.248291015625, -2489.1728515625, 180.48114013671875, 5.969027042388916015, 0, 0, -0.1564340591430664, 0.987688362598419189, 120, 255, 0, 41488), -- 213269 (Area: 6516 - Difficulty: 0)
(@OGUID+23, 215318, 870, 5785, 6516, '0', '0', 0, -669.388916015625, -1733.720458984375, 48.94698715209960937, 3.864370346069335937, 0, 0, -0.93540668487548828, 0.353573620319366455, 120, 255, 1, 41488), -- 215318 (Area: 6516 - Difficulty: 0)
(@OGUID+24, 213268, 870, 5785, 6516, '0', '0', 0, 942.92645263671875, -2520.05908203125, 180.4810638427734375, 1.256635904312133789, 0, 0, 0.587784767150878906, 0.809017360210418701, 120, 255, 0, 41488), -- 213268 (Area: 6516 - Difficulty: 0)
(@OGUID+25, 278575, 870, 5785, 6516, '0', '0', 0, -285.74652099609375, -1672.6510009765625, 53.21015167236328125, 3.066908121109008789, 0, 0, 0.999302864074707031, 0.037333562970161437, 120, 255, 0, 41488), -- 278575 (Area: 6516 - Difficulty: 0)
(@OGUID+26, 215318, 870, 5785, 6516, '0', '0', 0, -684.79339599609375, -1615.65625, 25.39089584350585937, 0, 0, 0, 0, 1, 120, 255, 1, 41488), -- 215318 (Area: 6516 - Difficulty: 0)
(@OGUID+27, 187567, 870, 5785, 6516, '0', '0', 0, -271.588531494140625, -1681.6927490234375, 59.18248367309570312, 3.138830423355102539, 0, 0, 0.999999046325683593, 0.001381067908369004, 120, 255, 1, 41488), -- 187567 (Area: 6516 - Difficulty: 0)
(@OGUID+28, 212615, 870, 5785, 6516, '0', '0', 0, -276.648651123046875, -1683.6787109375, 54.254302978515625, 0.462512165307998657, 0, 0, 0.229200363159179687, 0.973379254341125488, 120, 255, 1, 41488), -- 212615 (Area: 6516 - Difficulty: 0)
(@OGUID+29, 213271, 870, 5785, 6516, '0', '0', 0, 985.79400634765625, -2513.16796875, 180.4948272705078125, 2.827429771423339843, 0, 0, 0.987688064575195312, 0.156436234712600708, 120, 255, 0, 41488), -- 213271 (Area: 6516 - Difficulty: 0)
(@OGUID+30, 210805, 870, 5785, 6516, '0', '0', 0, -311.654510498046875, -1776.6302490234375, 62.67050552368164062, 3.603106260299682617, 0, 0, -0.97349357604980468, 0.228714287281036376, 120, 255, 1, 41488), -- 210805 (Area: 6516 - Difficulty: 0)
(@OGUID+31, 187191, 870, 5785, 6516, '0', '0', 0, -274.703125, -1676.75, 54.34387588500976562, 2.778136968612670898, 0, 0, 0.983532905578613281, 0.180729210376739501, 120, 255, 1, 41488), -- 187191 (Area: 6516 - Difficulty: 0)
(@OGUID+32, 212614, 870, 5785, 6516, '0', '0', 0, -271.828369140625, -1681.7615966796875, 54.36214065551757812, 0.017452461645007133, 0, 0, 0.008726119995117187, 0.999961912631988525, 120, 255, 1, 41488), -- 212614 (Area: 6516 - Difficulty: 0)
(@OGUID+33, 213270, 870, 5785, 6516, '0', '0', 0, 956.8359375, -2477.249755859375, 180.4809722900390625, 1.256635904312133789, 0, 0, 0.587784767150878906, 0.809017360210418701, 120, 255, 1, 41488), -- 213270 (Area: 6516 - Difficulty: 0)
(@OGUID+34, 213090, 870, 5785, 6516, '0', '0', 0, 821.27886962890625, -2531.2763671875, 180.2696990966796875, 4.398232460021972656, 0, 0, -0.80901622772216796, 0.587786316871643066, 120, 255, 0, 41488), -- 213090 (Area: 6516 - Difficulty: 0)
(@OGUID+35, 212617, 870, 5785, 6516, '0', '0', 0, -276.462188720703125, -1679.5797119140625, 54.27641677856445312, 5.742135047912597656, 0, 0, -0.26723766326904296, 0.96363067626953125, 120, 255, 1, 41488), -- 212617 (Area: 6516 - Difficulty: 0)
(@OGUID+36, 187191, 870, 5785, 6516, '0', '0', 0, -285.645843505859375, -1685.3629150390625, 53.10683822631835937, 3.173687219619750976, 0, 0, -0.99987125396728515, 0.016046559438109397, 120, 255, 1, 41488), -- 187191 (Area: 6516 - Difficulty: 0)
(@OGUID+37, 212616, 870, 5785, 6516, '0', '0', 0, -277.105499267578125, -1681.8597412109375, 54.2764129638671875, 0.052360795438289642, 0, 0, 0.026177406311035156, 0.999657332897186279, 120, 255, 1, 41488), -- 212616 (Area: 6516 - Difficulty: 0)
(@OGUID+38, 215973, 870, 5785, 6516, '0', '0', 0, -285.807281494140625, -1678.8350830078125, 53.10683822631835937, 4.747295856475830078, 0, 0, -0.69465827941894531, 0.719339847564697265, 120, 255, 1, 41488), -- 215973 (Area: 6516 - Difficulty: 0)
(@OGUID+39, 212619, 870, 5785, 6516, '0', '0', 0, -278.424224853515625, -1689.111083984375, 54.254302978515625, 5.166176319122314453, 0, 0, -0.52991867065429687, 0.84804844856262207, 120, 255, 1, 41488), -- 212619 (Area: 6516 - Difficulty: 0)
(@OGUID+40, 215318, 870, 5785, 6516, '0', '0', 0, -663.09375, -1699.5069580078125, 17.91067314147949218, 0, 0, 0, 0, 1, 120, 255, 1, 41488), -- 215318 (Area: 6516 - Difficulty: 0)
(@OGUID+41, 216301, 870, 5785, 6516, '0', '0', 0, -362.944244384765625, -1717.036376953125, 48.81980133056640625, 1.419456124305725097, 0, 0, 0.651627540588378906, 0.758539080619812011, 120, 255, 1, 41488), -- 216301 (Area: 6516 - Difficulty: 0)
(@OGUID+42, 212618, 870, 5785, 6516, '0', '0', 0, -274.86590576171875, -1689.0140380859375, 54.254302978515625, 4.127707481384277343, 0, 0, -0.880889892578125, 0.473321229219436645, 120, 255, 1, 41488), -- 212618 (Area: 6516 - Difficulty: 0)
(@OGUID+43, 216302, 870, 5785, 6516, '0', '0', 0, -295.90185546875, -1649.065185546875, 53.73886871337890625, 5.53843545913696289, 0, 0, -0.36382865905761718, 0.931465864181518554, 120, 255, 1, 41488), -- 216302 (Area: 6516 - Difficulty: 0)
(@OGUID+44, 212620, 870, 5785, 6516, '0', '0', 0, -276.77337646484375, -1693.3009033203125, 53.50890731811523437, 0.008726147934794425, 0, 0, 0.004363059997558593, 0.999990463256835937, 120, 255, 1, 41488), -- 212620 (Area: 6516 - Difficulty: 0)
(@OGUID+45, 215318, 870, 5785, 6516, '0', '0', 0, -661.70489501953125, -1695.484375, 17.92430496215820312, 2.935208320617675781, 0, 0, 0.994680404663085937, 0.103009119629859924, 120, 255, 1, 41488), -- 215318 (Area: 6516 - Difficulty: 0)
(@OGUID+46, 215835, 870, 5785, 6516, '0', '0', 0, -300.2100830078125, -1775.3316650390625, 61.59270477294921875, 0, 0, 0, 0, 1, 120, 255, 0, 41488), -- 215835 (Area: 6516 - Difficulty: 0)
(@OGUID+47, 215834, 870, 5785, 6516, '0', '0', 0, -300.322906494140625, -1775.5, 61.59270477294921875, 0, 0, 0, 0, 1, 120, 255, 1, 41488), -- 215834 (Area: 6516 - Difficulty: 0)
(@OGUID+48, 214569, 870, 5785, 6516, '0', '0', 0, -292.361846923828125, -1652.46337890625, 53.6749267578125, 1.151916384696960449, 0, 0, 0.544638633728027343, 0.838670849800109863, 120, 255, 1, 41488), -- 214569 (Area: 6516 - Difficulty: 0)
(@OGUID+49, 215318, 870, 5785, 6516, '0', '0', 0, -669.01214599609375, -1520.3524169921875, 2.20794844627380371, 0, 0, 0, 0, 1, 120, 255, 1, 41488), -- 215318 (Area: 6516 - Difficulty: 0)
(@OGUID+50, 215318, 870, 5785, 6516, '0', '0', 0, -663.98089599609375, -1524.2379150390625, 4.535384178161621093, 0, 0, 0, 0, 1, 120, 255, 1, 41488), -- 215318 (Area: 6516 - Difficulty: 0)
(@OGUID+51, 215133, 870, 5785, 6516, '0', '0', 0, -315.670135498046875, -1559.6510009765625, 42.52768707275390625, 3.531219005584716796, 0, 0, -0.98108386993408203, 0.193583190441131591, 120, 255, 1, 41488), -- 215133 (Area: 6516 - Difficulty: 0)
(@OGUID+52, 215318, 870, 5785, 6516, '0', '0', 0, -696.609375, -1674.0555419921875, 26.491546630859375, 0, 0, 0, 0, 1, 120, 255, 1, 41488), -- 215318 (Area: 6516 - Difficulty: 0)
(@OGUID+53, 215318, 870, 5785, 6516, '0', '0', 0, -697.65625, -1699.8853759765625, 17.60395431518554687, 0, 0, 0, 0, 1, 120, 255, 1, 41488), -- 215318 (Area: 6516 - Difficulty: 0)
(@OGUID+54, 215133, 870, 5785, 6516, '0', '0', 0, -412.11285400390625, -1648.9930419921875, 32.41275787353515625, 1.822174787521362304, 0, 0, 0.790170669555664062, 0.61288684606552124, 120, 255, 1, 41488), -- 215133 (Area: 6516 - Difficulty: 0)
(@OGUID+55, 215318, 870, 5785, 6516, '0', '0', 0, -721.9132080078125, -1695.3194580078125, 31.72264289855957031, 0, 0, 0, 0, 1, 120, 255, 1, 41488), -- 215318 (Area: 6516 - Difficulty: 0)
(@OGUID+56, 215318, 870, 5785, 6516, '0', '0', 0, -735.90972900390625, -1697.4322509765625, 36.58250808715820312, 0, 0, 0, 0, 1, 120, 255, 1, 41488), -- 215318 (Area: 6516 - Difficulty: 0)
(@OGUID+57, 215318, 870, 5785, 6516, '0', '0', 0, -728.34893798828125, -1568.3507080078125, 41.85878753662109375, 0, 0, 0, 0, 1, 120, 255, 1, 41488), -- 215318 (Area: 6516 - Difficulty: 0)
(@OGUID+58, 215318, 870, 5785, 6516, '0', '0', 0, -746.85589599609375, -1693.421875, 29.58178138732910156, 0, 0, 0, 0, 1, 120, 255, 1, 41488), -- 215318 (Area: 6516 - Difficulty: 0)
(@OGUID+59, 215318, 870, 5785, 6516, '0', '0', 0, -746.56427001953125, -1729.454833984375, 27.76442909240722656, 0, 0, 0, 0, 1, 120, 255, 1, 41488), -- 215318 (Area: 6516 - Difficulty: 0)
(@OGUID+60, 215318, 870, 5785, 6516, '0', '0', 0, -745.55902099609375, -1612.2222900390625, 23.22754859924316406, 0, 0, 0, 0, 1, 120, 255, 1, 41488), -- 215318 (Area: 6516 - Difficulty: 0)
(@OGUID+61, 214563, 870, 5785, 6516, '0', '0', 0, -312.422515869140625, -1802.384033203125, 62.98323440551757812, 3.673917055130004882, 0, 0, -0.96478748321533203, 0.263030678033828735, 120, 255, 1, 41488), -- 214563 (Area: 6516 - Difficulty: 0)
(@OGUID+62, 209353, 870, 5785, 6516, '0', '0', 0, -450.9132080078125, -1745.388916015625, 1.814905643463134765, 0, 0, 0, 0, 1, 120, 255, 1, 41488), -- 209353 (Area: 6516 - Difficulty: 0)
(@OGUID+63, 212171, 870, 5785, 6516, '0', '0', 0, -234.149307250976562, -1788.1007080078125, 58.05282974243164062, 3.141592741012573242, 0, 0, -1, 0, 120, 255, 1, 41488), -- 212171 (Area: 6516 - Difficulty: 0)
(@OGUID+64, 213091, 870, 5785, 6516, '0', '0', 0, 1034.7318115234375, -2597.778076171875, 175.10162353515625, 4.398232460021972656, 0, 0, -0.80901622772216796, 0.587786316871643066, 120, 255, 0, 41488), -- 213091 (Area: 6516 - Difficulty: 0)
(@OGUID+65, 209354, 870, 5785, 6516, '0', '0', 0, -235.03472900390625, -1803.4461669921875, 55.78717803955078125, 0, 0, 0, 0, 1, 120, 255, 1, 41488), -- 209354 (Area: 6516 - Difficulty: 0)
(@OGUID+66, 212171, 870, 5785, 6516, '0', '0', 0, -205.390625, -1872.6007080078125, 58.05283355712890625, 3.141592741012573242, 0, 0, -1, 0, 120, 255, 1, 41488), -- 212171 (Area: 6516 - Difficulty: 0)
(@OGUID+67, 212171, 870, 5785, 6516, '0', '0', 0, -225.151046752929687, -1891.420166015625, 58.05282974243164062, 3.141592741012573242, 0, 0, -1, 0, 120, 255, 1, 41488); -- 212171 (Area: 6516 - Difficulty: 0)
DELETE FROM `gameobject_addon` WHERE `guid` BETWEEN @OGUID+0 AND @OGUID+67;
INSERT INTO `gameobject_addon` (`guid`, `parent_rotation0`, `parent_rotation1`, `parent_rotation2`, `parent_rotation3`, `WorldEffectID`, `AIAnimKitID`) VALUES
(@OGUID+0, 0, 0, 0.004363371990621089, 0.999990463256835937, 0, 0), -- 212615
(@OGUID+1, 0, 0, 0.004363371990621089, 0.999990463256835937, 0, 0), -- 212614
(@OGUID+2, 0, 0, 0.004363371990621089, 0.999990463256835937, 0, 0), -- 212617
(@OGUID+3, 0, 0, 0.410718947649002075, 0.911761999130249023, 0, 0), -- 214569
(@OGUID+4, 0, 0, 0.004363371990621089, 0.999990463256835937, 0, 0), -- 212616
(@OGUID+5, 0, 0, 0.997858941555023193, 0.065402984619140625, 0, 0), -- 214568
(@OGUID+6, 0, 0, 0.004363371990621089, 0.999990463256835937, 0, 0), -- 212619
(@OGUID+8, 0, 0, 0.004363371990621089, 0.999990463256835937, 0, 0), -- 212618
(@OGUID+9, 0, 0, 0.410718947649002075, 0.911761999130249023, 0, 0), -- 214570
(@OGUID+10, 0, 0, -0.80901700258255004, 0.587785243988037109, 0, 0), -- 213269
(@OGUID+11, 0, 0, 0.004363371990621089, 0.999990463256835937, 0, 0), -- 212620
(@OGUID+12, 0, 0, -0.80901700258255004, 0.587785243988037109, 0, 0), -- 213268
(@OGUID+13, 0, 0, -0.80901700258255004, 0.587785243988037109, 0, 0), -- 213271
(@OGUID+14, 0, 0, -0.80901700258255004, 0.587785243988037109, 0, 0), -- 213270
(@OGUID+15, 0, 0, -0.80901700258255004, 0.587785243988037109, 0, 0), -- 213090
(@OGUID+16, 0, 0, 0.997858941555023193, 0.065402984619140625, 0, 0), -- 216301
(@OGUID+17, 0, 0, 0.410718947649002075, 0.911761999130249023, 0, 0), -- 216302
(@OGUID+19, 0, 0, 0.997858941555023193, 0.065402984619140625, 0, 0), -- 214568
(@OGUID+21, 0, 0, 0.410718947649002075, 0.911761999130249023, 0, 0), -- 214570
(@OGUID+22, 0, 0, -0.80901700258255004, 0.587785243988037109, 0, 0), -- 213269
(@OGUID+24, 0, 0, -0.80901700258255004, 0.587785243988037109, 0, 0), -- 213268
(@OGUID+25, 0, 0, 0, 1, 8830, 0), -- 278575
(@OGUID+28, 0, 0, 0.004363371990621089, 0.999990463256835937, 0, 0), -- 212615
(@OGUID+29, 0, 0, -0.80901700258255004, 0.587785243988037109, 0, 0), -- 213271
(@OGUID+32, 0, 0, 0.004363371990621089, 0.999990463256835937, 0, 0), -- 212614
(@OGUID+33, 0, 0, -0.80901700258255004, 0.587785243988037109, 0, 0), -- 213270
(@OGUID+34, 0, 0, -0.80901700258255004, 0.587785243988037109, 0, 0), -- 213090
(@OGUID+35, 0, 0, 0.004363371990621089, 0.999990463256835937, 0, 0), -- 212617
(@OGUID+37, 0, 0, 0.004363371990621089, 0.999990463256835937, 0, 0), -- 212616
(@OGUID+39, 0, 0, 0.004363371990621089, 0.999990463256835937, 0, 0), -- 212619
(@OGUID+41, 0, 0, 0.997858941555023193, 0.065402984619140625, 0, 0), -- 216301
(@OGUID+42, 0, 0, 0.004363371990621089, 0.999990463256835937, 0, 0), -- 212618
(@OGUID+43, 0, 0, 0.410718947649002075, 0.911761999130249023, 0, 0), -- 216302
(@OGUID+44, 0, 0, 0.004363371990621089, 0.999990463256835937, 0, 0), -- 212620
(@OGUID+48, 0, 0, 0.410718947649002075, 0.911761999130249023, 0, 0), -- 214569
(@OGUID+61, 0, 0, 0.952395796775817871, -0.30486434698104858, 0, 0), -- 214563
(@OGUID+64, 0, 0, -0.80901700258255004, 0.587785243988037109, 0, 0); -- 213091

DELETE FROM `creature_template_addon` WHERE `entry` IN (59743 /*59743*/, 59666 /*59666*/, 59744 /*59744*/, 59785 /*59785*/, 65917 /*65917*/, 66092 /*66092*/, 65908 /*65908*/, 59311 /*59311*/, 63715 /*63715*/, 63004 /*63004*/, 64761 /*64761*/, 66351 /*66351 - 106283*/, 65982 /*65982*/, 65983 /*65983*/, 65923 /*65923*/, 65980 /*65980*/, 67026 /*67026*/, 65893 /*65893*/, 65927 /*65927 - 129697*/, 61492 /*61492*/, 67024 /*67024*/, 59745 /*59745*/, 67025 /*67025*/, 66266 /*66266*/, 59312 /*59312*/, 65907 /*65907*/, 64596 /*64596*/, 66666 /*66666 - 18950*/, 67020 /*67020 - 32783*/, 54627 /*54627*/, 66432 /*66432 - 70628*/, 65937 /*65937*/, 65900 /*65900*/, 66459 /*66459 - 70628*/, 66023 /*66023*/, 65981 /*65981*/, 65926 /*65926*/, 59979 /*59979*/, 66433 /*66433 - 130894*/, 65914 /*65914*/, 65979 /*65979*/, 66963 /*66963 - 39550*/, 54896 /*54896*/, 65909 /*65909*/, 66350 /*66350 - 122236*/);
INSERT INTO `creature_template_addon` (`entry`, `path_id`, `mount`, `bytes1`, `bytes2`, `emote`, `aiAnimKit`, `movementAnimKit`, `meleeAnimKit`, `auras`) VALUES
(59743, 0, 0, 0, 1, 0, 0, 0, 0, ''), -- 59743
(59666, 0, 0, 0, 1, 0, 0, 0, 0, ''), -- 59666
(59744, 0, 0, 0, 1, 0, 0, 0, 0, ''), -- 59744
(59785, 0, 0, 50331648, 1, 0, 0, 0, 0, ''), -- 59785
(65917, 0, 0, 0, 257, 0, 0, 0, 0, ''), -- 65917
(66092, 0, 0, 0, 1, 0, 0, 0, 0, ''), -- 66092
(65908, 0, 0, 0, 257, 0, 0, 0, 0, ''), -- 65908
(59311, 0, 0, 0, 1, 0, 0, 0, 0, ''), -- 59311
(63715, 0, 0, 0, 1, 0, 0, 0, 0, ''), -- 63715
(63004, 0, 0, 0, 1, 0, 0, 0, 0, ''), -- 63004
(64761, 0, 0, 0, 1, 0, 0, 0, 0, ''), -- 64761
(66351, 0, 0, 0, 0, 0, 0, 0, 0, '106283'), -- 66351 - 106283
(65982, 0, 0, 0, 257, 0, 0, 0, 0, ''), -- 65982
(65983, 0, 0, 0, 257, 0, 0, 0, 0, ''), -- 65983
(65923, 0, 0, 0, 257, 0, 0, 0, 0, ''), -- 65923
(65980, 0, 0, 0, 256, 0, 0, 0, 0, ''), -- 65980
(67026, 0, 0, 0, 1, 0, 0, 0, 0, ''), -- 67026
(65893, 0, 0, 8, 257, 0, 0, 0, 0, ''), -- 65893
(65927, 0, 0, 1, 257, 0, 0, 0, 0, '129697'), -- 65927 - 129697
(61492, 0, 0, 0, 1, 0, 0, 0, 0, ''), -- 61492
(67024, 0, 0, 0, 1, 0, 0, 0, 0, ''), -- 67024
(59745, 0, 0, 0, 1, 0, 0, 0, 0, ''), -- 59745
(67025, 0, 0, 0, 1, 0, 0, 0, 0, ''), -- 67025
(66266, 0, 0, 0, 257, 0, 0, 0, 0, ''), -- 66266
(59312, 0, 0, 0, 1, 0, 0, 0, 0, ''), -- 59312
(65907, 0, 0, 0, 257, 0, 0, 0, 0, ''), -- 65907
(64596, 0, 0, 0, 1, 0, 0, 0, 0, ''), -- 64596
(66666, 0, 0, 0, 256, 0, 0, 0, 0, '18950'), -- 66666 - 18950
(67020, 0, 0, 0, 1, 0, 0, 0, 0, '32783'), -- 67020 - 32783
(54627, 0, 0, 0, 1, 0, 0, 0, 0, ''), -- 54627
(66432, 0, 0, 0, 1, 0, 0, 0, 0, '70628'), -- 66432 - 70628
(65937, 0, 0, 0, 257, 0, 0, 0, 0, ''), -- 65937
(65900, 0, 0, 0, 257, 0, 0, 0, 0, ''), -- 65900
(66459, 0, 0, 0, 1, 0, 0, 0, 0, '70628'), -- 66459 - 70628
(66023, 0, 0, 0, 1, 0, 0, 0, 0, ''), -- 66023
(65981, 0, 0, 8, 257, 0, 0, 0, 0, ''), -- 65981
(65926, 0, 0, 0, 257, 0, 0, 0, 0, ''), -- 65926
(59979, 0, 0, 0, 1, 0, 0, 0, 0, ''), -- 59979
(66433, 0, 0, 0, 1, 0, 0, 0, 0, '130894'), -- 66433 - 130894
(65914, 0, 0, 0, 257, 0, 0, 0, 0, ''), -- 65914
(65979, 0, 0, 0, 257, 0, 0, 0, 0, ''), -- 65979
(66963, 0, 0, 0, 1, 0, 0, 0, 0, '39550'), -- 66963 - 39550
(54896, 0, 0, 0, 1, 0, 0, 0, 0, ''), -- 54896
(65909, 0, 0, 0, 257, 0, 0, 0, 0, ''), -- 65909
(66350, 0, 0, 0, 0, 0, 0, 0, 0, '122236'); -- 66350 - 122236


DELETE FROM `creature_template_scaling` WHERE (`DifficultyID`=0 AND `Entry` IN (54627,54896,59311,59312,59666,59743,59744,59745,59785,59979,61492,63004,63715,64596,64761,65893,65900,65907,65908,65909,65914,65917,65923,65926,65927,65937,65979,65980,65981,65982,65983,66023,66092,66266,66350,66351,66432,66433,66459,66666,66963,67020,67024,67025,67026));
INSERT INTO `creature_template_scaling` (`Entry`, `DifficultyID`, `LevelScalingDeltaMin`, `LevelScalingDeltaMax`, `ContentTuningID`, `VerifiedBuild`) VALUES
(54627, 0, 0, 0, 57, 41488),
(54896, 0, 0, 0, 57, 41488),
(59311, 0, 0, 0, 81, 41488),
(59312, 0, 0, 0, 81, 41488),
(59666, 0, 0, 0, 81, 41488),
(59743, 0, 0, 0, 57, 41488),
(59744, 0, 0, 0, 57, 41488),
(59745, 0, 0, 0, 57, 41488),
(59785, 0, 0, 0, 57, 41488),
(59979, 0, 0, 0, 57, 41488),
(61492, 0, 0, 0, 57, 41488),
(63004, 0, 0, 0, 371, 41488),
(63715, 0, 0, 0, 371, 41488),
(64596, 0, 0, 0, 57, 41488),
(64761, 0, 0, 0, 81, 41488),
(65893, 0, 0, 0, 57, 41488),
(65900, 0, 0, 0, 57, 41488),
(65907, 0, 0, 0, 57, 41488),
(65908, 0, 0, 0, 57, 41488),
(65909, 0, 0, 0, 57, 41488),
(65914, 0, 0, 0, 57, 41488),
(65917, 0, 0, 0, 57, 41488),
(65923, 0, 0, 0, 57, 41488),
(65926, 0, 0, 0, 57, 41488),
(65927, 0, 0, 0, 57, 41488),
(65937, 0, 0, 0, 57, 41488),
(65979, 0, 0, 0, 57, 41488),
(65980, 0, 0, 0, 57, 41488),
(65981, 0, 0, 0, 57, 41488),
(65982, 0, 0, 0, 57, 41488),
(65983, 0, 0, 0, 57, 41488),
(66023, 0, 0, 0, 881, 41488),
(66092, 0, 0, 0, 57, 41488),
(66266, 0, 0, 0, 57, 41488),
(66350, 0, 0, 0, 657, 41488),
(66351, 0, 0, 0, 657, 41488),
(66432, 0, 0, 0, 57, 41488),
(66433, 0, 0, 0, 57, 41488),
(66459, 0, 0, 0, 57, 41488),
(66666, 0, 0, 0, 57, 41488),
(66963, 0, 0, 0, 57, 41488),
(67020, 0, 0, 0, 57, 41488),
(67024, 0, 0, 0, 57, 41488),
(67025, 0, 0, 0, 57, 41488),
(67026, 0, 0, 0, 57, 41488);


DELETE FROM `creature_model_info` WHERE `DisplayID` IN (45315, 27883, 45746, 17574, 44678, 44670, 40680, 39936, 43199, 45228, 40123, 45236, 39424, 44722, 44723, 45753, 44679, 44720, 45751, 45627, 44666, 2957, 44680, 45156, 45604, 45749, 45227, 45607, 44959, 2955, 44669, 44852, 45752, 45554, 45235, 36555, 45638, 44668, 1269, 44741, 44721, 44681, 45226, 11686, 44676, 44719, 28780, 45700, 44671, 44993);
INSERT INTO `creature_model_info` (`DisplayID`, `BoundingRadius`, `CombatReach`, `DisplayID_Other_Gender`, `VerifiedBuild`) VALUES
(45315, 1.734341740608215332, 1.5, 0, 41488),
(27883, 0.200000002980232238, 0.200000002980232238, 0, 41488),
(45746, 1.445284843444824218, 1.25, 0, 41488),
(17574, 0.349999994039535522, 1, 0, 41488),
(44678, 0.347222000360488891, 1.5, 0, 41488),
(44670, 0.347222000360488891, 1.5, 0, 41488),
(40680, 0.208800002932548522, 0.300000011920928955, 0, 41488),
(39936, 0.139200001955032348, 0.200000002980232238, 0, 41488),
(43199, 0.425056040287017822, 0.300000011920928955, 0, 41488),
(45228, 0.297600001096725463, 1.20000004768371582, 0, 41488),
(40123, 0.310000002384185791, 0, 0, 41488),
(45236, 0.283200025558471679, 1.80000007152557373, 0, 41488),
(39424, 0.208000004291534423, 1.5, 0, 41488),
(44722, 0.347222000360488891, 1.5, 0, 41488),
(44723, 0.347222000360488891, 1.5, 0, 41488),
(45753, 0.347222000360488891, 1.5, 0, 41488),
(44679, 0.347222000360488891, 1.5, 0, 41488),
(44720, 0.347222000360488891, 1.5, 0, 41488),
(45751, 0.347222000360488891, 1.5, 0, 41488),
(45627, 0.347222000360488891, 1.5, 0, 41488),
(44666, 0.347222000360488891, 1.5, 0, 41488),
(2957, 0.349999994039535522, 0.5, 0, 41488),
(44680, 0.347222000360488891, 1.5, 0, 41488),
(45156, 0.305999994277954101, 1.5, 0, 41488),
(45604, 0.347222000360488891, 1.5, 0, 41488),
(45749, 0.818798065185546875, 0.708163261413574218, 0, 41488),
(45227, 0.297600001096725463, 1.20000004768371582, 0, 41488),
(45607, 0.347222000360488891, 1.5, 0, 41488),
(44959, 0.347222000360488891, 1.5, 0, 41488),
(2955, 0.349999994039535522, 0.5, 0, 41488),
(44669, 0.347222000360488891, 1.5, 0, 41488),
(44852, 0.347222000360488891, 1.5, 0, 41488),
(45752, 0.347222000360488891, 1.5, 0, 41488),
(45554, 0.305999994277954101, 1.5, 0, 41488),
(45235, 0.446400016546249389, 1.80000007152557373, 0, 41488),
(36555, 1, 6, 0, 41488),
(45638, 0.347222000360488891, 1.5, 0, 41488),
(44668, 0.347222000360488891, 1.5, 0, 41488),
(1269, 0.340000003576278686, 2, 0, 41488),
(44741, 0.347222000360488891, 1.5, 0, 41488),
(44721, 0.347222000360488891, 1.5, 0, 41488),
(44681, 0.347222000360488891, 1.5, 0, 41488),
(45226, 0.297600001096725463, 1.20000004768371582, 0, 41488),
(11686, 0.5, 1, 0, 41488),
(44676, 0.347222000360488891, 1.5, 0, 41488),
(44719, 0.347222000360488891, 1.5, 0, 41488),
(28780, 0.305999994277954101, 1.5, 0, 41488),
(45700, 0.465000003576278686, 0, 0, 41488),
(44671, 0.347222000360488891, 1.5, 0, 41488),
(44993, 0.347222000360488891, 1.5, 0, 41488);

DELETE FROM `trainer` WHERE `Id` IN (850, 881, 840, 867);
INSERT INTO `trainer` (`Id`, `Type`, `Greeting`, `VerifiedBuild`) VALUES
(850, 2, 'Searching for herbs requires both knowledge and instinct.', 41488),
(881, 2, 'Here, let me show you how to bind those wounds....', 41488),
(840, 2, 'You have not lived until you have dug deep into the earth.', 41488),
(867, 2, 'It requires a steady hand to remove the leather from a slain beast.', 41488);

DELETE FROM `trainer_spell` WHERE (`TrainerId`=850 AND `SpellId` IN (265828,265820)) OR (`TrainerId`=881 AND `SpellId` IN (102698,102697,7928,7929,74558,74556,88893,74557,3278,3277,27033,27032,3276,18630,10840,10841,18629,45546,45545)) OR (`TrainerId`=840 AND `SpellId` IN (265838,265846,102167,102165)) OR (`TrainerId`=867 AND `SpellId` IN (265864,265856));
INSERT INTO `trainer_spell` (`TrainerId`, `SpellId`, `MoneyCost`, `ReqSkillLine`, `ReqSkillRank`, `ReqAbility1`, `ReqAbility2`, `ReqAbility3`, `ReqLevel`, `VerifiedBuild`) VALUES
(850, 265828, 10, 182, 1, 0, 0, 0, 5, 41488), -- No Faction found! MoneyCost not recalculated!
(850, 265820, 10, 0, 0, 0, 0, 0, 5, 41488), -- No Faction found! MoneyCost not recalculated!
(881, 102698, 100, 2536, 25, 0, 0, 0, 0, 41488), -- No Faction found! MoneyCost not recalculated!
(881, 102697, 10, 2536, 1, 0, 0, 0, 0, 41488), -- No Faction found! MoneyCost not recalculated!
(881, 7928, 6500, 2540, 150, 0, 0, 0, 0, 41488), -- No Faction found! MoneyCost not recalculated!
(881, 7929, 18000, 2540, 180, 0, 0, 0, 0, 41488), -- No Faction found! MoneyCost not recalculated!
(881, 74558, 350, 2537, 75, 0, 0, 0, 0, 41488), -- No Faction found! MoneyCost not recalculated!
(881, 74556, 10, 2537, 1, 0, 0, 0, 0, 41488), -- No Faction found! MoneyCost not recalculated!
(881, 88893, 350, 2537, 75, 74558, 0, 0, 0, 41488), -- No Faction found! MoneyCost not recalculated!
(881, 74557, 100, 2537, 25, 0, 0, 0, 0, 41488), -- No Faction found! MoneyCost not recalculated!
(881, 3278, 1750, 2540, 115, 0, 0, 0, 0, 41488), -- No Faction found! MoneyCost not recalculated!
(881, 3277, 400, 2540, 80, 0, 0, 0, 0, 41488), -- No Faction found! MoneyCost not recalculated!
(881, 27033, 115, 2539, 30, 0, 0, 0, 0, 41488), -- No Faction found! MoneyCost not recalculated!
(881, 27032, 10, 2539, 1, 0, 0, 0, 0, 41488), -- No Faction found! MoneyCost not recalculated!
(881, 3276, 150, 2540, 40, 0, 0, 0, 0, 41488), -- No Faction found! MoneyCost not recalculated!
(881, 18630, 560000, 2540, 290, 0, 0, 0, 0, 41488), -- No Faction found! MoneyCost not recalculated!
(881, 10840, 46000, 2540, 210, 0, 0, 0, 0, 41488), -- No Faction found! MoneyCost not recalculated!
(881, 10841, 130000, 2540, 240, 0, 0, 0, 0, 41488), -- No Faction found! MoneyCost not recalculated!
(881, 18629, 260000, 2540, 260, 0, 0, 0, 0, 41488), -- No Faction found! MoneyCost not recalculated!
(881, 45546, 50, 2538, 15, 0, 0, 0, 0, 41488), -- No Faction found! MoneyCost not recalculated!
(881, 45545, 10, 2538, 1, 0, 0, 0, 0, 41488), -- No Faction found! MoneyCost not recalculated!
(840, 265838, 10, 0, 0, 0, 0, 0, 5, 41488), -- No Faction found! MoneyCost not recalculated!
(840, 265846, 10, 186, 1, 0, 0, 0, 5, 41488), -- No Faction found! MoneyCost not recalculated!
(840, 102167, 350, 2568, 75, 0, 0, 0, 0, 41488), -- No Faction found! MoneyCost not recalculated!
(840, 102165, 10, 2568, 1, 0, 0, 0, 0, 41488), -- No Faction found! MoneyCost not recalculated!
(867, 265864, 10, 393, 1, 0, 0, 0, 5, 41488), -- No Faction found! MoneyCost not recalculated!
(867, 265856, 10, 0, 0, 0, 0, 0, 5, 41488); -- No Faction found! MoneyCost not recalculated!

DELETE FROM `creature_trainer` WHERE (`CreatureId`=67025 AND `MenuID`=15099 AND `OptionIndex`=0) OR (`CreatureId`=65983 AND `MenuID`=8522 AND `OptionIndex`=0) OR (`CreatureId`=67024 AND `MenuID`=15098 AND `OptionIndex`=0) OR (`CreatureId`=67026 AND `MenuID`=15100 AND `OptionIndex`=0);
INSERT INTO `creature_trainer` (`CreatureId`, `TrainerId`, `MenuID`, `OptionIndex`) VALUES
(67025, 850, 15099, 0),
(65983, 881, 8522, 0),
(67024, 840, 15098, 0),
(67026, 867, 15100, 0);

DELETE FROM `npc_vendor` WHERE (`entry`=64596 AND `item`=81415 AND `ExtendedCost`=0 AND `type`=1) OR (`entry`=64596 AND `item`=81407 AND `ExtendedCost`=0 AND `type`=1) OR (`entry`=65937 AND `item`=4470 AND `ExtendedCost`=0 AND `type`=1) OR (`entry`=65937 AND `item`=60335 AND `ExtendedCost`=0 AND `type`=1) OR (`entry`=65937 AND `item`=81400 AND `ExtendedCost`=0 AND `type`=1) OR (`entry`=65937 AND `item`=58274 AND `ExtendedCost`=0 AND `type`=1) OR (`entry`=65937 AND `item`=159 AND `ExtendedCost`=0 AND `type`=1) OR (`entry`=65907 AND `item`=82451 AND `ExtendedCost`=0 AND `type`=1) OR (`entry`=65907 AND `item`=81413 AND `ExtendedCost`=0 AND `type`=1) OR (`entry`=65907 AND `item`=81412 AND `ExtendedCost`=0 AND `type`=1) OR (`entry`=65907 AND `item`=81411 AND `ExtendedCost`=0 AND `type`=1) OR (`entry`=65907 AND `item`=81410 AND `ExtendedCost`=0 AND `type`=1) OR (`entry`=65907 AND `item`=81409 AND `ExtendedCost`=0 AND `type`=1) OR (`entry`=65907 AND `item`=81408 AND `ExtendedCost`=0 AND `type`=1) OR (`entry`=65907 AND `item`=81405 AND `ExtendedCost`=0 AND `type`=1) OR (`entry`=65907 AND `item`=81404 AND `ExtendedCost`=0 AND `type`=1) OR (`entry`=65907 AND `item`=81403 AND `ExtendedCost`=0 AND `type`=1) OR (`entry`=65907 AND `item`=81402 AND `ExtendedCost`=0 AND `type`=1) OR (`entry`=65907 AND `item`=81401 AND `ExtendedCost`=0 AND `type`=1) OR (`entry`=65907 AND `item`=81400 AND `ExtendedCost`=0 AND `type`=1) OR (`entry`=65907 AND `item`=74636 AND `ExtendedCost`=0 AND `type`=1) OR (`entry`=65907 AND `item`=81414 AND `ExtendedCost`=0 AND `type`=1) OR (`entry`=65907 AND `item`=81406 AND `ExtendedCost`=0 AND `type`=1) OR (`entry`=65900 AND `item`=3857 AND `ExtendedCost`=0 AND `type`=1) OR (`entry`=65900 AND `item`=18567 AND `ExtendedCost`=0 AND `type`=1) OR (`entry`=65900 AND `item`=160298 AND `ExtendedCost`=0 AND `type`=1) OR (`entry`=65900 AND `item`=3466 AND `ExtendedCost`=0 AND `type`=1) OR (`entry`=65900 AND `item`=2880 AND `ExtendedCost`=0 AND `type`=1) OR (`entry`=65900 AND `item`=180733 AND `ExtendedCost`=0 AND `type`=1) OR (`entry`=65900 AND `item`=5956 AND `ExtendedCost`=0 AND `type`=1) OR (`entry`=65900 AND `item`=2901 AND `ExtendedCost`=0 AND `type`=1) OR (`entry`=66266 AND `item`=37460 AND `ExtendedCost`=0 AND `type`=1);

INSERT INTO `npc_vendor` (`entry`, `slot`, `item`, `maxcount`, `ExtendedCost`, `type`, `PlayerConditionID`, `IgnoreFiltering`, `VerifiedBuild`) VALUES
(64596, 2, 81415, 0, 0, 1, 0, 0, 41488), -- 81415
(64596, 1, 81407, 0, 0, 1, 0, 0, 41488), -- 81407
(65937, 5, 4470, 0, 0, 1, 0, 0, 41488), -- 4470
(65937, 4, 60335, 0, 0, 1, 0, 0, 41488), -- 60335
(65937, 3, 81400, 0, 0, 1, 0, 0, 41488), -- 81400
(65937, 2, 58274, 0, 0, 1, 0, 0, 41488), -- 58274
(65937, 1, 159, 0, 0, 1, 0, 0, 41488), -- 159
(65907, 16, 82451, 0, 0, 1, 0, 0, 41488), -- 82451
(65907, 15, 81413, 0, 0, 1, 0, 0, 41488), -- 81413
(65907, 14, 81412, 0, 0, 1, 0, 0, 41488), -- 81412
(65907, 13, 81411, 0, 0, 1, 0, 0, 41488), -- 81411
(65907, 12, 81410, 0, 0, 1, 0, 0, 41488), -- 81410
(65907, 11, 81409, 0, 0, 1, 0, 0, 41488), -- 81409
(65907, 10, 81408, 0, 0, 1, 0, 0, 41488), -- 81408
(65907, 9, 81405, 0, 0, 1, 0, 0, 41488), -- 81405
(65907, 8, 81404, 0, 0, 1, 0, 0, 41488), -- 81404
(65907, 7, 81403, 0, 0, 1, 0, 0, 41488), -- 81403
(65907, 6, 81402, 0, 0, 1, 0, 0, 41488), -- 81402
(65907, 5, 81401, 0, 0, 1, 0, 0, 41488), -- 81401
(65907, 4, 81400, 0, 0, 1, 0, 0, 41488), -- 81400
(65907, 3, 74636, 0, 0, 1, 0, 0, 41488), -- 74636
(65907, 2, 81414, 0, 0, 1, 0, 0, 41488), -- 81414
(65907, 1, 81406, 0, 0, 1, 0, 0, 41488), -- 81406
(65900, 8, 3857, 0, 0, 1, 0, 0, 41488), -- 3857
(65900, 7, 18567, 0, 0, 1, 0, 0, 41488), -- 18567
(65900, 6, 160298, 0, 0, 1, 0, 0, 41488), -- 160298
(65900, 5, 3466, 0, 0, 1, 0, 0, 41488), -- 3466
(65900, 4, 2880, 0, 0, 1, 0, 0, 41488), -- 2880
(65900, 3, 180733, 0, 0, 1, 0, 0, 41488), -- 180733
(65900, 2, 5956, 0, 0, 1, 0, 0, 41488), -- 5956
(65900, 1, 2901, 0, 0, 1, 0, 0, 41488), -- 2901
(66266, 1, 37460, 0, 0, 1, 0, 0, 41488); -- 37460

DELETE FROM `creature_equip_template` WHERE (`ID`=1 AND `CreatureID` IN (66351,67024,66666,65900,65926,59979,66350));
INSERT INTO `creature_equip_template` (`CreatureID`, `ID`, `ItemID1`, `AppearanceModID1`, `ItemVisual1`, `ItemID2`, `AppearanceModID2`, `ItemVisual2`, `ItemID3`, `AppearanceModID3`, `ItemVisual3`) VALUES
(66351, 1, 29583, 0, 0, 0, 0, 0, 76351, 0, 0), -- 66351
(67024, 1, 2901, 0, 0, 0, 0, 0, 0, 0, 0), -- 67024
(66666, 1, 89130, 0, 0, 83121, 0, 0, 76980, 0, 0), -- 66666
(65900, 1, 45123, 0, 0, 0, 0, 0, 0, 0, 0), -- 65900
(65926, 1, 12801, 0, 0, 0, 0, 0, 0, 0, 0), -- 65926
(59979, 1, 19014, 0, 0, 0, 0, 0, 0, 0, 0), -- 59979
(66350, 1, 31302, 0, 0, 0, 0, 0, 0, 0, 0); -- 66350

DELETE FROM `gossip_menu` WHERE (`MenuId`=14918 AND `TextId`=21089) OR (`MenuId`=14921 AND `TextId`=21092) OR (`MenuId`=14920 AND `TextId`=21091) OR (`MenuId`=14926 AND `TextId`=21097) OR (`MenuId`=14635 AND `TextId`=20696) OR (`MenuId`=15100 AND `TextId`=21501) OR (`MenuId`=14919 AND `TextId`=21090) OR (`MenuId`=15098 AND `TextId`=21499) OR (`MenuId`=9821 AND `TextId`=13584) OR (`MenuId`=14935 AND `TextId`=21114) OR (`MenuId`=15099 AND `TextId`=21500) OR (`MenuId`=8522 AND `TextId`=7028) OR (`MenuId`=14933 AND `TextId`=21107) OR (`MenuId`=15110 AND `TextId`=21619) OR (`MenuId`=15145 AND `TextId`=21709) OR (`MenuId`=14932 AND `TextId`=21106);
INSERT INTO `gossip_menu` (`MenuId`, `TextId`, `VerifiedBuild`) VALUES
(14918, 21089, 41488), -- 65927
(14921, 21092, 41488), -- 65917
(14920, 21091, 41488), -- 65908
(14926, 21097, 41488), -- 65937
(14635, 20696, 41488), -- 66351
(15100, 21501, 41488), -- 67026
(14919, 21090, 41488), -- 65927
(15098, 21499, 41488), -- 67024
(9821, 13584, 41488), -- 66266
(14935, 21114, 41488), -- 65907
(15099, 21500, 41488), -- 67025
(8522, 7028, 41488), -- 65983
(14933, 21107, 41488), -- 65923
(15110, 21619, 41488), -- 64596
(15145, 21709, 41488), -- 66266
(14932, 21106, 41488); -- 65909

DELETE FROM `gossip_menu_option` WHERE (`OptionIndex`=0 AND `MenuId` IN (14918,15110,14926,15100,15098,14935,15099,8522)) OR (`OptionIndex`=3 AND `MenuId`=9821) OR (`OptionIndex`=1 AND `MenuId` IN (9821,14935));
INSERT INTO `gossip_menu_option` (`MenuId`, `OptionIndex`, `OptionIcon`, `OptionText`, `OptionBroadcastTextId`, `VerifiedBuild`) VALUES
(14918, 0, 0, 'What of Jor Jor? He seems to protect the mayor.', 0, 41488),
(15110, 0, 1, 'What brews do you have for sale?', 0, 41488),
(14926, 0, 1, 'Let me browse your wares.', 0, 41488),
(15100, 0, 3, 'Train me in Skinning.', 0, 41488),
(15098, 0, 3, 'Train me in Mining.', 0, 41488),
(9821, 3, 0, 'I\'d like to heal and revive my battle pets.', 0, 41488),
(9821, 1, 1, 'I\'m looking for a lost companion.', 0, 41488),
(14935, 1, 1, 'Let me browse your goods.', 0, 41488),
(14935, 0, 5, 'Make this inn your home.', 0, 41488),
(15099, 0, 3, 'Train me in Herbalism.', 0, 41488),
(8522, 0, 3, 'Train me.', 0, 41488);

DELETE FROM `gossip_menu_option_action` WHERE (`MenuId`=14918 AND `OptionIndex`=0) OR (`MenuId`=9821 AND `OptionIndex`=3);
INSERT INTO `gossip_menu_option_action` (`MenuId`, `OptionIndex`, `ActionMenuId`, `ActionPoiId`) VALUES
(14918, 0, 14919, 0),
(9821, 3, 15145, 0);

DELETE FROM `creature_template` WHERE `entry` IN (59743 /*59743*/, 59666 /*59666*/, 59744 /*59744*/, 59785 /*59785*/, 65917 /*65917*/, 66092 /*66092*/, 65908 /*65908*/, 59311 /*59311*/, 63715 /*63715*/, 63004 /*63004*/, 64761 /*64761*/, 66351 /*66351*/, 65982 /*65982*/, 65983 /*65983*/, 65923 /*65923*/, 65980 /*65980*/, 67026 /*67026*/, 65893 /*65893*/, 65927 /*65927*/, 61492 /*61492*/, 67024 /*67024*/, 59745 /*59745*/, 67025 /*67025*/, 66266 /*66266*/, 59312 /*59312*/, 65907 /*65907*/, 64596 /*64596*/, 66666 /*66666*/, 67020 /*67020*/, 54627 /*54627*/, 66432 /*66432*/, 65937 /*65937*/, 65900 /*65900*/, 66459 /*66459*/, 66023 /*66023*/, 65981 /*65981*/, 65926 /*65926*/, 59979 /*59979*/, 66433 /*66433*/, 65914 /*65914*/, 65979 /*65979*/, 66963 /*66963*/, 54896 /*54896*/, 65909 /*65909*/, 66350 /*66350*/);
replace INTO `creature_template` (`entry`, `gossip_menu_id`, `minlevel`, `maxlevel`, `faction`, `npcflag`, `speed_walk`, `speed_run`, `BaseAttackTime`, `RangeAttackTime`, `unit_flags`, `unit_flags2`, `unit_flags3`, `dynamicflags`, `VehicleId`, `HoverHeight`) VALUES
(59743, 0, 35, 35, 2000, 0, 1, 1.142857193946838378, 2000, 0, 0, 2048, 0, 0, 0, 1), -- 59743
(59666, 0, 1, 1, 190, 0, 1, 1.142857193946838378, 2000, 0, 32768, 2048, 0, 0, 0, 1), -- 59666
(59744, 0, 35, 35, 2000, 0, 1, 1.142857193946838378, 2000, 0, 0, 2048, 0, 0, 0, 1), -- 59744
(59785, 0, 35, 35, 2156, 0, 1, 1.142857193946838378, 2000, 0, 32768, 2048, 0, 0, 0, 1), -- 59785
(65917, 14921, 35, 35, 2602, 1, 1, 1.142857193946838378, 2000, 0, 32768, 2048, 0, 0, 0, 1), -- 65917
(66092, 0, 35, 35, 35, 0, 1, 1.142857193946838378, 2000, 0, 33554688, 34816, 1, 0, 0, 1), -- 66092
(65908, 14920, 35, 35, 2602, 3, 1, 1.142857193946838378, 2000, 0, 32768, 2048, 0, 0, 0, 1), -- 65908
(59311, 0, 1, 1, 188, 0, 1, 1.142857193946838378, 2000, 0, 32768, 2048, 0, 0, 0, 1), -- 59311
(63715, 0, 1, 1, 31, 1073741824, 1, 0.857142865657806396, 2000, 0, 33280, 2048, 0, 0, 0, 1), -- 63715
(63004, 0, 1, 1, 188, 1073741824, 1, 1.142857193946838378, 2000, 0, 33280, 2048, 0, 0, 0, 1), -- 63004
(64761, 0, 1, 1, 31, 0, 1, 0.857142865657806396, 2000, 0, 32768, 2048, 0, 0, 0, 1), -- 64761
(66351, 14635, 35, 35, 2598, 1, 1, 1.142857193946838378, 2000, 0, 2097152, 2048, 0, 0, 0, 1), -- 66351
(65982, 0, 35, 35, 2602, 0, 1, 1.142857193946838378, 2000, 0, 32768, 2048, 0, 0, 0, 1), -- 65982
(65983, 8522, 35, 35, 2602, 17, 1, 1.142857193946838378, 2000, 0, 32768, 2048, 0, 0, 0, 1), -- 65983
(65923, 14933, 35, 35, 2602, 1, 1, 1.142857193946838378, 2000, 0, 32768, 2048, 0, 0, 0, 1), -- 65923
(65980, 0, 35, 35, 2602, 0, 1, 1.142857193946838378, 2000, 0, 32768, 2048, 0, 0, 0, 1), -- 65980
(67026, 15100, 35, 35, 2602, 81, 1, 1.142857193946838378, 2000, 0, 32768, 2048, 0, 0, 0, 1), -- 67026
(65893, 0, 35, 35, 2602, 1, 1, 1.142857193946838378, 2000, 0, 32768, 2048, 0, 0, 0, 1), -- 65893
(65927, 14919, 35, 35, 2602, 1, 1, 1.142857193946838378, 2000, 0, 32768, 2048, 0, 0, 0, 1), -- 65927
(61492, 0, 35, 35, 1732, 0, 1, 1.142857193946838378, 2000, 0, 33280, 0, 0, 0, 2190, 1), -- 61492
(67024, 15098, 35, 35, 2602, 81, 1, 1.142857193946838378, 2000, 0, 32768, 2048, 0, 0, 0, 1), -- 67024
(59745, 0, 35, 35, 188, 0, 1, 1.142857193946838378, 2000, 0, 0, 2048, 0, 0, 0, 1), -- 59745
(67025, 15099, 35, 35, 2602, 81, 1, 1.142857193946838378, 2000, 0, 32768, 2048, 0, 0, 0, 1), -- 67025
(66266, 9821, 35, 35, 2602, 4194433, 1, 1.142857193946838378, 2000, 0, 32768, 2048, 0, 0, 0, 1), -- 66266
(59312, 0, 1, 1, 188, 0, 1, 1.142857193946838378, 2000, 0, 32768, 2048, 0, 0, 0, 1), -- 59312
(65907, 14935, 35, 35, 2602, 66177, 1, 1.142857193946838378, 2000, 0, 32768, 2048, 0, 0, 0, 1), -- 65907
(64596, 15110, 35, 35, 2602, 643, 1, 1.142857193946838378, 2000, 0, 32768, 2048, 0, 0, 0, 1), -- 64596
(66666, 0, 35, 35, 2603, 0, 1, 1.714285731315612792, 2000, 0, 32768, 2048, 8388608, 0, 0, 1), -- 66666
(67020, 0, 35, 35, 1733, 0, 1, 1.142857193946838378, 2000, 0, 0, 2048, 0, 0, 0, 1), -- 67020
(54627, 0, 35, 35, 2201, 0, 1, 1.142857193946838378, 2000, 0, 32768, 2048, 0, 0, 0, 1), -- 54627
(66432, 0, 35, 35, 190, 0, 1, 1, 2000, 0, 570688256, 71305217, 8193, 0, 0, 1), -- 66432
(65937, 14926, 35, 35, 2602, 641, 1, 1.142857193946838378, 2000, 0, 32768, 2048, 0, 0, 0, 1), -- 65937
(65900, 0, 35, 35, 2602, 4224, 1, 1.142857193946838378, 2000, 0, 32768, 2048, 0, 0, 0, 1), -- 65900
(66459, 0, 35, 35, 83, 0, 1, 1.142857193946838378, 2000, 0, 570721024, 4196353, 8192, 0, 0, 1), -- 66459
(66023, 0, 60, 60, 2602, 8192, 1, 1.142857193946838378, 2000, 0, 32768, 2048, 0, 0, 0, 1), -- 66023
(65981, 0, 35, 35, 2602, 0, 1, 1.142857193946838378, 2000, 0, 32768, 2048, 0, 0, 0, 1), -- 65981
(65926, 0, 35, 35, 2602, 0, 1, 1.142857193946838378, 2000, 0, 32768, 2048, 0, 0, 0, 1), -- 65926
(59979, 0, 35, 35, 83, 0, 1, 1.142857193946838378, 2000, 0, 0, 2048, 0, 0, 0, 1), -- 59979
(66433, 0, 35, 35, 35, 0, 1, 1.142857193946838378, 2000, 0, 33587968, 71305216, 1, 0, 0, 1), -- 66433
(65914, 0, 35, 35, 2602, 0, 1, 1.142857193946838378, 2000, 0, 32768, 2048, 0, 0, 0, 1), -- 65914
(65979, 0, 35, 35, 2602, 0, 1, 1.142857193946838378, 2000, 0, 32768, 2048, 0, 0, 0, 1), -- 65979
(66963, 0, 35, 35, 1733, 0, 1, 1.142857193946838378, 2000, 0, 0, 2048, 0, 0, 0, 1), -- 66963
(54896, 0, 35, 35, 2156, 0, 1, 1.142857193946838378, 2000, 0, 0, 33556480, 0, 0, 0, 1), -- 54896
(65909, 14932, 35, 35, 2602, 1, 1, 1.142857193946838378, 2000, 0, 32768, 2048, 0, 0, 0, 1), -- 65909
(66350, 14635, 35, 35, 2598, 1, 1, 1.142857193946838378, 2000, 0, 0, 2048, 0, 0, 0, 1); -- 66350

replace INTO `creature_text` (`CreatureID`, `GroupID`, `ID`, `Text`, `Type`, `Language`, `Probability`, `Emote`, `Duration`, `Sound`, `BroadcastTextId`, `comment`) VALUES
(65900, 0, 0, 'That is an awfully impressive weapon for someone that comes in peace, stranger.', 12, 0, 100, 0, 0, 0, 0, 'Jadori Ironeye to Player'),
(65907, 0, 0, 'Are you two going to order anything?', 12, 0, 100, 6, 0, 0, 0, 'Jiayi Applebloom to Blacktalon Agent'),
(65937, 0, 0, 'Why should we trade with you? How are you any different than your Horde friends save the color of your banner?', 12, 0, 100, 0, 0, 0, 0, 'Craftsman Hui to Player'),
(66350, 0, 0, 'No.', 12, 0, 100, 274, 0, 0, 0, 'Blacktalon Watcher to Blacktalon Agent'),
(66351, 0, 0, 'No.', 12, 0, 100, 274, 0, 0, 0, 'Blacktalon Agent'),
(66666, 0, 0, 'Another stranger comes to our village... a $c by the look of it. Enter, but do not draw your weapons against us as the Horde did.', 12, 0, 100, 0, 0, 0, 0, 'Paw\'don Defender to Player'),
(66963, 0, 0, '$n? What are you doing here? We need you up on the Skyfire! Quick, take the portal!', 12, 0, 100, 0, 0, 0, 0, 'Alliance Battlemage to Player');

replace INTO `npc_spellclick_spells` (`npc_entry`, `spell_id`, `cast_flags`, `user_type`) VALUES
(61492, 131845, 0, 0);

DELETE FROM `quest_template` WHERE `ID` IN (50604 /*50604*/, 31309 /*31309*/, 50562 /*50562*/, 38258 /*38258*/, 50599 /*50599*/, 46736 /*46736*/, 50417 /*50417*/, 46735 /*46735*/, 36239 /*36239*/, 53436 /*53436*/, 36495 /*36495*/, 46277 /*46277*/, 49929 /*49929*/);
INSERT INTO `quest_template` (`ID`, `QuestType`, `QuestPackageID`, `ContentTuningID`, `QuestSortID`, `QuestInfoID`, `SuggestedGroupNum`, `RewardNextQuest`, `RewardXPDifficulty`, `RewardXPMultiplier`, `RewardMoney`, `RewardMoneyDifficulty`, `RewardMoneyMultiplier`, `RewardBonusMoney`, `RewardSpell`, `RewardHonor`, `RewardKillHonor`, `StartItem`, `RewardArtifactXPDifficulty`, `RewardArtifactXPMultiplier`, `RewardArtifactCategoryID`, `Flags`, `FlagsEx`, `FlagsEx2`, `RewardSkillLineID`, `RewardNumSkillUps`, `PortraitGiver`, `PortraitGiverMount`, `PortraitGiverModelSceneID`, `PortraitTurnIn`, `RewardItem1`, `RewardItem2`, `RewardItem3`, `RewardItem4`, `RewardAmount1`, `RewardAmount2`, `RewardAmount3`, `RewardAmount4`, `ItemDrop1`, `ItemDrop2`, `ItemDrop3`, `ItemDrop4`, `ItemDropQuantity1`, `ItemDropQuantity2`, `ItemDropQuantity3`, `ItemDropQuantity4`, `RewardChoiceItemID1`, `RewardChoiceItemID2`, `RewardChoiceItemID3`, `RewardChoiceItemID4`, `RewardChoiceItemID5`, `RewardChoiceItemID6`, `RewardChoiceItemQuantity1`, `RewardChoiceItemQuantity2`, `RewardChoiceItemQuantity3`, `RewardChoiceItemQuantity4`, `RewardChoiceItemQuantity5`, `RewardChoiceItemQuantity6`, `RewardChoiceItemDisplayID1`, `RewardChoiceItemDisplayID2`, `RewardChoiceItemDisplayID3`, `RewardChoiceItemDisplayID4`, `RewardChoiceItemDisplayID5`, `RewardChoiceItemDisplayID6`, `POIContinent`, `POIx`, `POIy`, `POIPriority`, `RewardTitle`, `RewardArenaPoints`, `RewardFactionID1`, `RewardFactionID2`, `RewardFactionID3`, `RewardFactionID4`, `RewardFactionID5`, `RewardFactionValue1`, `RewardFactionValue2`, `RewardFactionValue3`, `RewardFactionValue4`, `RewardFactionValue5`, `RewardFactionCapIn1`, `RewardFactionCapIn2`, `RewardFactionCapIn3`, `RewardFactionCapIn4`, `RewardFactionCapIn5`, `RewardFactionOverride1`, `RewardFactionOverride2`, `RewardFactionOverride3`, `RewardFactionOverride4`, `RewardFactionOverride5`, `RewardFactionFlags`, `AreaGroupID`, `TimeAllowed`, `AllowableRaces`, `TreasurePickerID`, `Expansion`, `ManagedWorldStateID`, `QuestSessionBonus`, `LogTitle`, `LogDescription`, `QuestDescription`, `AreaDescription`, `QuestCompletionLog`, `RewardCurrencyID1`, `RewardCurrencyID2`, `RewardCurrencyID3`, `RewardCurrencyID4`, `RewardCurrencyQty1`, `RewardCurrencyQty2`, `RewardCurrencyQty3`, `RewardCurrencyQty4`, `PortraitGiverText`, `PortraitGiverName`, `PortraitTurnInText`, `PortraitTurnInName`, `AcceptedSoundKitID`, `CompleteSoundKitID`, `VerifiedBuild`) VALUES
(50604, 2, 0, 464, -412, 128, 0, 0, 0, 0, 0, 0, 0, 0, 0, 0, 0, 0, 0, 0, 0, 34078976, 67108864, 0, 0, 0, 0, 0, 0, 0, 0, 0, 0, 0, 0, 0, 0, 0, 0, 0, 0, 0, 0, 0, 0, 0, 0, 0, 0, 0, 0, 0, 0, 0, 0, 0, 0, 0, 0, 0, 0, 0, 0, 0, 0, 0, 0, 0, 0, 0, 2163, 0, 0, 0, 0, 8, 0, 0, 0, 0, 7, 7, 7, 7, 7, 150000, 0, 0, 0, 0, 0, 0, 0, 18446744073709551615, 598, 7, 0, 0, 'Tortollan Seekers', 'Complete 3 Tortollan world quests.', 'Assist the Tortollan by completing 3 world quests.', '', 'Return to Collector Kojo.', 0, 0, 0, 0, 0, 0, 0, 0, '', '', '', '', 890, 878, 41488), -- 50604
(31309, 2, 0, 373, -394, 102, 0, 31785, 0, 1, 243360, 5, 1, 0, 0, 0, 0, 0, 0, 1, 0, 0, 2176, 0, 0, 0, 9257, 0, 0, 0, 0, 0, 0, 0, 0, 0, 0, 0, 0, 0, 0, 0, 0, 0, 0, 0, 0, 0, 0, 0, 0, 0, 0, 0, 0, 0, 0, 0, 0, 0, 0, 0, 0, 0, 0, 0, 0, 0, 0, 0, 0, 0, 0, 0, 0, 0, 0, 0, 0, 0, 7, 7, 7, 7, 7, 0, 0, 0, 0, 0, 0, 0, 0, 6130900294268439629, 0, 8, 0, 0, 'On The Mend', 'Heal your pets to full health by visiting Erma the Stable Master.', 'Now that you have won a battle, we need to heal up your pets so they can fight another day!  Visit Erma, our local stable master, to heal and revive your pets.', '', '', 0, 0, 0, 0, 0, 0, 0, 0, 'Erma, the local Stable Master, can heal and revive your pets.', 'Erma', '', '', 890, 878, 41488), -- 31309
(50562, 2, 0, 464, 9310, 128, 0, 0, 0, 0, 0, 0, 0, 0, 0, 0, 0, 0, 0, 0, 0, 34078976, 67108864, 0, 0, 0, 0, 0, 0, 0, 0, 0, 0, 0, 0, 0, 0, 0, 0, 0, 0, 0, 0, 0, 0, 0, 0, 0, 0, 0, 0, 0, 0, 0, 0, 0, 0, 0, 0, 0, 0, 0, 0, 0, 0, 0, 0, 0, 0, 0, 2164, 0, 0, 0, 0, 8, 0, 0, 0, 0, 7, 7, 7, 7, 7, 150000, 0, 0, 0, 0, 0, 0, 0, 18446744073709551615, 597, 7, 0, 0, 'Champions of Azeroth', 'Complete 4 Azerite world quests.', 'Assist Magni by completing 4 Azerite world quests.', '', 'Return to Magni at his encampment in Silithus.', 0, 0, 0, 0, 0, 0, 0, 0, '', '', '', '', 890, 878, 41488), -- 50562
(38258, 2, 0, 816, -401, 0, 0, 38259, 2, 1, 84900, 3, 1, 120, 0, 0, 0, 0, 0, 1, 0, 33554440, 65536, 0, 0, 0, 0, 0, 0, 0, 0, 0, 0, 0, 0, 0, 0, 0, 0, 0, 0, 0, 0, 0, 0, 0, 0, 0, 0, 0, 0, 0, 0, 0, 0, 0, 0, 0, 0, 0, 0, 0, 0, 0, 0, 0, 0, 0, 0, 0, 0, 0, 0, 0, 0, 0, 0, 0, 0, 0, 7, 7, 7, 7, 7, 0, 0, 0, 0, 0, 0, 0, 0, 2971683917, 0, 5, 0, 0, 'Nothing Remains', 'Report back to King Wrynn at the Town Hall in your garrison.', 'Nothing is left for me here. My old clanmates have turned into foes, and Gul\'dan is desecrating what remains of my people.$b$bYou and your allies from Shattrath still have some fight left. If you pledge to depose Gul\'dan, I will stand by your side. I will go to this garrison of yours and together we will build a shipyard that will rule the red seas of Draenor!$b$bLet your people know I am coming.', '', 'Report to King Wrynn at the Town Hall in your garrison.', 0, 0, 0, 0, 0, 0, 0, 0, '', '', '', '', 890, 878, 41488), -- 38258
(50599, 2, 0, 464, 8567, 128, 0, 0, 0, 0, 0, 0, 0, 0, 0, 0, 0, 0, 0, 0, 0, 34078976, 67108864, 0, 0, 0, 0, 0, 0, 0, 0, 0, 0, 0, 0, 0, 0, 0, 0, 0, 0, 0, 0, 0, 0, 0, 0, 0, 0, 0, 0, 0, 0, 0, 0, 0, 0, 0, 0, 0, 0, 0, 0, 0, 0, 0, 0, 0, 0, 0, 2160, 0, 0, 0, 0, 8, 0, 0, 0, 0, 7, 7, 7, 7, 7, 150000, 0, 0, 0, 0, 0, 0, 0, 6130900294268439629, 596, 7, 0, 0, 'Proudmoore Admiralty', 'Complete any 4 world quests in Tiragarde Sound.', 'Assist the Proudmoore Admiralty by completing 4 world quests.', '', 'Return to Provisioner Fray at Tradewinds Market in Boralus.', 0, 0, 0, 0, 0, 0, 0, 0, '', '', '', '', 890, 878, 41488), -- 50599
(46736, 0, 0, 336, 0, 143, 0, 0, 0, 1, 0, 0, 1, 0, 0, 0, 0, 0, 0, 1, 0, 100728840, 33554432, 0, 0, 0, 0, 0, 0, 0, 152654, 0, 0, 0, 1, 0, 0, 0, 0, 0, 0, 0, 0, 0, 0, 0, 0, 0, 0, 0, 0, 0, 0, 0, 0, 0, 0, 0, 0, 0, 0, 0, 0, 0, 0, 0, 0, 0, 0, 0, 2045, 0, 0, 0, 0, 4, 0, 0, 0, 0, 7, 7, 7, 7, 7, 0, 0, 0, 0, 0, 0, 0, 0, 18446744073709551615, 0, 6, 0, 0, 'Contribute to Nether Disruptor', '', '', '', '', 1226, 0, 0, 0, 75, 0, 0, 0, '', '', '', '', 0, 0, 41488), -- 46736
(50417, 2, 0, 464, 9042, 0, 0, 50386, 1, 1, 23400, 1, 1, 80, 0, 0, 0, 0, 0, 1, 0, 36700168, 0, 0, 0, 0, 0, 0, 0, 0, 0, 0, 0, 0, 0, 0, 0, 0, 0, 0, 0, 0, 0, 0, 0, 0, 0, 0, 0, 0, 0, 0, 0, 0, 0, 0, 0, 0, 0, 0, 0, 0, 0, 0, 0, 0, 0, 0, 0, 0, 0, 0, 0, 0, 0, 0, 0, 0, 0, 0, 7, 7, 7, 7, 7, 0, 0, 0, 0, 0, 0, 0, 0, 18446744073709551615, 0, 7, 0, 0, 'Ruin Has Come', 'Find the author of the Mysterious Letter.', 'There is a terror beneath the waves. It seeks to destroy my family, my house, and my legacy.$b$bYou must come, claim your destiny and deliver us from the terrors of the deep!$b$bFind our estate to the east, among the isles. We lived opulently in the shadow of the great fortress. We believed the priests would deliver us from the darkness below. Now that darkness has bubbled to the surface, whispering madness in our dreams.$b$bHurry. The air turns the darkest I have seen in my cursed existence.', '', '', 0, 0, 0, 0, 0, 0, 0, 0, '', '', '', '', 890, 878, 41488), -- 50417
(46735, 0, 0, 336, 0, 143, 0, 0, 0, 1, 0, 0, 1, 0, 0, 0, 0, 0, 0, 1, 0, 100728840, 33554432, 0, 0, 0, 0, 0, 0, 0, 152654, 0, 0, 0, 1, 0, 0, 0, 0, 0, 0, 0, 0, 0, 0, 0, 0, 0, 0, 0, 0, 0, 0, 0, 0, 0, 0, 0, 0, 0, 0, 0, 0, 0, 0, 0, 0, 0, 0, 0, 2045, 0, 0, 0, 0, 4, 0, 0, 0, 0, 7, 7, 7, 7, 7, 0, 0, 0, 0, 0, 0, 0, 0, 18446744073709551615, 0, 6, 0, 0, 'Contribute to Command Center', '', '', '', '', 1226, 0, 0, 0, 75, 0, 0, 0, '', '', '', '', 0, 0, 41488), -- 46735
(36239, 2, 0, 1218, -403, 0, 0, 36240, 5, 1, 169800, 5, 1, 460, 0, 0, 0, 114984, 0, 1, 0, 33554432, 0, 0, 0, 0, 0, 0, 0, 0, 0, 0, 0, 0, 0, 0, 0, 0, 114984, 0, 0, 0, 1, 0, 0, 0, 0, 0, 0, 0, 0, 0, 0, 0, 0, 0, 0, 0, 0, 0, 0, 0, 0, 0, 0, 0, 0, 0, 0, 0, 1731, 0, 0, 0, 0, 5, 0, 0, 0, 0, 7, 7, 7, 7, 7, 0, 0, 0, 0, 0, 0, 0, 0, 18446744073709551615, 0, 5, 0, 0, 'A Mysterious Satchel', 'Find the satchel\'s owner.', 'An empty satchel with an old, magical aura.$B$BIt appears quite dilapidated, with remnants of herbs and mushrooms along the inner lining. Perhaps exploring Umbrafen will offer a clue.', '', '', 0, 0, 0, 0, 0, 0, 0, 0, '', '', '', '', 890, 878, 41488), -- 36239
(53436, 2, 0, 289, 8567, 261, 0, 0, 8, 3, 0, 0, 0, 0, 0, 0, 0, 0, 0, 0, 0, 101220608, 67108864, 34, 0, 0, 0, 0, 0, 0, 0, 0, 0, 0, 0, 0, 0, 0, 0, 0, 0, 0, 0, 0, 0, 0, 0, 0, 0, 0, 0, 0, 0, 0, 0, 0, 0, 0, 0, 0, 0, 0, 0, 0, 0, 0, 0, 0, 0, 0, 2159, 0, 0, 0, 0, 8, 0, 0, 0, 0, 7, 7, 7, 7, 7, 150000, 15000, 0, 0, 0, 0, 0, 0, 6130900294268439629, 1207, 7, 0, 0, 'Azerite for the Alliance', 'Collect Azerite on Island Expeditions.', 'Assist the Alliance by collecting Azerite on Island Expeditions.', '', '', 0, 0, 0, 0, 0, 0, 0, 0, '', '', '', '', 890, 878, 41488), -- 53436
(36495, 2, 0, 66, 6662, 0, 0, 37183, 1, 1, 16980, 1, 1, 60, 0, 0, 0, 0, 0, 1, 0, 33554440, 0, 0, 0, 0, 0, 0, 0, 0, 0, 0, 0, 0, 0, 0, 0, 0, 0, 0, 0, 0, 0, 0, 0, 0, 0, 0, 0, 0, 0, 0, 0, 0, 0, 0, 0, 0, 0, 0, 0, 0, 0, 0, 0, 0, 0, 0, 0, 0, 0, 0, 0, 0, 0, 0, 0, 0, 0, 0, 7, 7, 7, 7, 7, 0, 0, 0, 0, 0, 0, 0, 0, 6130900294268439629, 0, 5, 0, 0, 'News from Talador', 'Speak to Bodrick Grey at your garrison in Shadowmoon Valley.', 'Bodrick Grey sends word from your garrison that they have spotted a fleet of Iron Horde at the shores of Talador.$b$bWe must not allow them to destroy Shattrath.', '', '', 0, 0, 0, 0, 0, 0, 0, 0, '', '', '', '', 890, 878, 41488), -- 36495
(46277, 0, 0, 336, 0, 143, 0, 0, 0, 1, 0, 0, 1, 0, 0, 0, 0, 0, 0, 1, 0, 100729096, 33554432, 0, 0, 0, 0, 0, 0, 0, 152654, 0, 0, 0, 1, 0, 0, 0, 0, 0, 0, 0, 0, 0, 0, 0, 0, 0, 0, 0, 0, 0, 0, 0, 0, 0, 0, 0, 0, 0, 0, 0, 0, 0, 0, 0, 0, 0, 0, 0, 2045, 0, 0, 0, 0, 4, 0, 0, 0, 0, 7, 7, 7, 7, 7, 0, 0, 0, 0, 0, 0, 0, 0, 18446744073709551615, 0, 6, 0, 0, 'Contribute to Mage Tower', '', '', '', '', 1226, 0, 0, 0, 75, 0, 0, 0, '', '', '', '', 0, 0, 41488), -- 46277
(49929, 2, 0, 700, -444, 0, 0, 0, 1, 1, 24335, 1, 1, 85, 0, 0, 0, 0, 0, 1, 0, 34078720, 0, 0, 0, 0, 0, 0, 0, 0, 0, 0, 0, 0, 0, 0, 0, 0, 0, 0, 0, 0, 0, 0, 0, 0, 0, 0, 0, 0, 0, 0, 0, 0, 0, 0, 0, 0, 0, 0, 0, 0, 0, 0, 0, 0, 0, 0, 0, 0, 0, 0, 0, 0, 0, 0, 0, 0, 0, 0, 7, 7, 7, 7, 7, 0, 0, 0, 0, 0, 0, 0, 0, 6130900294268439629, 0, 6, 0, 0, 'The Call for Allies', 'Meet Aysa Cloudsinger at the Stormwind Embassy.', 'The Alliance has been beset by dangers growing throughout all of Azeroth.\n\nThe only way we will keep our friends safe is if we seek out new allies.\n\nI have been tasked as an ambassador to help seek these allies. Come to our embassy in Stormwind, I could use your help.', '', '', 0, 0, 0, 0, 0, 0, 0, 0, '', '', '', '', 890, 878, 41488); -- 49929

DELETE FROM `quest_objectives` WHERE `ID` IN (336204 /*336204*/, 289536 /*289536*/, 289167 /*289167*/, 268497 /*268497*/, 336954 /*336954*/, 289535 /*289535*/, 341370 /*341370*/, 336202 /*336202*/);
INSERT INTO `quest_objectives` (`ID`, `QuestID`, `Type`, `Order`, `StorageIndex`, `ObjectID`, `Amount`, `Flags`, `Flags2`, `ProgressBarWeight`, `Description`, `VerifiedBuild`) VALUES
(336204, 50599, 14, 0, 0, 66199, 1, 0, 0, 0, 'Complete 4 world quests in Tiragarde Sound', 41488), -- 336204
(289536, 46736, 4, 0, -1, 1342, 100, 0, 0, 0, '', 41488), -- 289536
(289167, 46277, 4, 0, -1, 1342, 100, 0, 0, 0, '', 41488), -- 289167
(268497, 31309, 0, 0, 0, 64320, 1, 0, 0, 0, 'Battle Pets Healed', 41488), -- 268497
(336954, 50604, 14, 0, 0, 66690, 1, 0, 0, 0, 'Complete 3 Tortollan Seeker World Quests', 41488), -- 336954
(289535, 46735, 4, 0, -1, 1342, 100, 0, 0, 0, '', 41488), -- 289535
(341370, 53436, 0, 0, 0, 132935, 36000, 16, 0, 0, 'Collect 36000 Azerite on Island Expeditions', 41488), -- 341370
(336202, 50562, 14, 0, 0, 66197, 1, 0, 0, 0, 'Complete 4 Azerite World Quest for Magni', 41488); -- 336202

DELETE FROM `quest_visual_effect` WHERE (`ID`=268497 AND `Index`=0);
INSERT INTO `quest_visual_effect` (`ID`, `Index`, `VisualEffect`, `VerifiedBuild`) VALUES
(268497, 0, 792, 41488);

DELETE FROM `creature_template` WHERE `entry` IN (65926 /*65926*/, 65927 /*65927*/, 63715 /*63715*/, 65937 /*65937*/, 9158 /*9158*/, 304 /*304*/, 305 /*305*/, 307 /*307*/, 59311 /*59311*/, 59312 /*59312*/, 61809 /*61809*/, 54896 /*54896*/, 65979 /*65979*/, 65980 /*65980*/, 65981 /*65981*/, 64596 /*64596*/, 65982 /*65982*/, 65983 /*65983*/, 54627 /*54627*/, 66266 /*66266*/, 20846 /*20846*/, 32206 /*32206*/, 18362 /*18362*/, 66564 /*66564*/, 66565 /*66565*/, 66567 /*66567*/, 53273 /*53273*/, 18376 /*18376*/, 66023 /*66023*/, 14505 /*14505*/, 59666 /*59666*/, 63004 /*63004*/, 59979 /*59979*/, 66350 /*66350*/, 66351 /*66351*/, 14555 /*14555*/, 39208 /*39208*/, 14556 /*14556*/, 39209 /*39209*/, 48632 /*48632*/, 14565 /*14565*/, 66092 /*66092*/, 66666 /*66666*/, 59743 /*59743*/, 59744 /*59744*/, 59745 /*59745*/, 65011 /*65011*/, 14602 /*14602*/, 1860 /*1860*/, 66963 /*66963*/, 7687 /*7687*/, 7690 /*7690*/, 64761 /*64761*/, 32633 /*32633*/, 66432 /*66432*/, 59785 /*59785*/, 66433 /*66433*/, 65058 /*65058*/, 65060 /*65060*/, 65061 /*65061*/, 65893 /*65893*/, 65063 /*65063*/, 65065 /*65065*/, 65900 /*65900*/, 66459 /*66459*/, 6074 /*6074*/, 65907 /*65907*/, 65908 /*65908*/, 65909 /*65909*/, 67020 /*67020*/, 65914 /*65914*/, 35168 /*35168*/, 67024 /*67024*/, 65917 /*65917*/, 67025 /*67025*/, 67026 /*67026*/, 65923 /*65923*/, 61492 /*61492*/, 58169 /*58169*/);
INSERT INTO `creature_template` (`entry`, `KillCredit1`, `KillCredit2`, `name`, `femaleName`, `subname`, `TitleAlt`, `IconName`, `HealthScalingExpansion`, `RequiredExpansion`, `VignetteID`, `unit_class`, `WidgetSetID`, `WidgetSetUnitConditionID`, `rank`, `family`, `type`, `type_flags`, `type_flags2`, `HealthModifier`, `ManaModifier`, `RacialLeader`, `movementId`, `CreatureDifficultyID`, `VerifiedBuild`) VALUES
(65926, 0, 0, 'Tender Long', '', NULL, NULL, NULL, 4, 0, 0, 1, 0, 0, 0, 0, 7, 4096, 0, 1, 1, 0, 0, 59766, 41488), -- 65926
(65927, 0, 0, 'Chut Sri Nu', '', NULL, NULL, NULL, 4, 0, 0, 1, 0, 0, 0, 0, 7, 4096, 0, 1, 1, 0, 0, 59767, 41488), -- 65927
(63715, 0, 0, 'Jumping Spider', '', NULL, NULL, 'wildpetcapturable', 8, 0, 0, 1, 0, 0, 0, 0, 14, 0, 0, 0.200000002980232238, 1, 0, 100, 57029, 41488), -- 63715
(65937, 0, 0, 'Craftsman Hui', '', 'Trader', NULL, NULL, 4, 0, 0, 1, 0, 0, 0, 0, 7, 4096, 0, 1, 1, 0, 0, 59778, 41488), -- 65937
(9158, 0, 0, 'Warhorse', '', NULL, NULL, NULL, 8, 0, 0, 1, 0, 0, 0, 0, 1, 0, 0, 1, 1, 0, 140, 6691, 41488), -- 9158
(304, 0, 0, 'Felsteed', '', NULL, NULL, NULL, 8, 0, 0, 1, 0, 0, 0, 0, 3, 0, 0, 1, 1, 0, 140, 184, 41488), -- 304
(305, 0, 0, 'White Stallion', '', NULL, NULL, NULL, 8, 0, 0, 1, 0, 0, 0, 0, 1, 0, 0, 1, 1, 0, 140, 185, 41488), -- 305
(307, 0, 0, 'Pinto', '', NULL, NULL, NULL, 8, 0, 0, 1, 0, 0, 0, 0, 1, 0, 0, 1, 1, 0, 140, 187, 41488), -- 307
(59311, 0, 0, 'Veridian Carp', '', NULL, NULL, NULL, 8, 0, 0, 1, 0, 0, 0, 0, 8, 0, 0, 1, 1, 0, 0, 23600, 41488), -- 59311
(59312, 0, 0, 'Grove Viper', '', NULL, NULL, NULL, 8, 0, 0, 1, 0, 0, 0, 0, 8, 0, 0, 1, 1, 0, 0, 23598, 41488), -- 59312
(61809, 0, 0, 'Green Dragon Turtle', '', NULL, NULL, NULL, 4, 0, 0, 1, 0, 0, 0, 0, 1, 0, 0, 1, 1, 0, 140, 18982, 41488), -- 61809
(54896, 0, 0, 'Glade Porcupine', '', NULL, NULL, NULL, 4, 0, 0, 1, 0, 0, 0, 127, 1, 1, 0, 1, 1, 0, 0, 30671, 41488), -- 54896
(65979, 0, 0, 'Brewmaid Qi', '', NULL, NULL, NULL, 4, 0, 0, 1, 0, 0, 0, 0, 7, 4096, 0, 1, 1, 0, 0, 59824, 41488), -- 65979
(65980, 0, 0, 'Jaan Yu', '', NULL, NULL, NULL, 4, 0, 0, 1, 0, 0, 0, 0, 7, 4096, 0, 1, 1, 0, 0, 59825, 41488), -- 65980
(65981, 0, 0, 'Sikki', '', NULL, NULL, NULL, 4, 0, 0, 1, 0, 0, 0, 0, 7, 4096, 0, 1, 1, 0, 0, 59826, 41488), -- 65981
(64596, 0, 0, 'Teng Applebloom', '', 'Brewer', NULL, NULL, 4, 0, 0, 1, 0, 0, 0, 0, 7, 0, 0, 1, 1, 0, 0, 57987, 41488), -- 64596
(65982, 0, 0, 'Bucci', '', NULL, NULL, NULL, 4, 0, 0, 1, 0, 0, 0, 0, 7, 4096, 0, 1, 1, 0, 0, 59827, 41488), -- 65982
(65983, 0, 0, 'Soraka', '', 'Bandage Trainer', NULL, NULL, 4, 0, 0, 1, 0, 0, 0, 0, 7, 4096, 0, 1, 1, 0, 0, 59828, 41488), -- 65983
(54627, 59979, 0, 'Twinspire Taskmaster', '', NULL, NULL, NULL, 4, 0, 0, 1, 0, 0, 0, 0, 7, 0, 0, 1, 1, 0, 0, 30991, 41488), -- 54627
(66266, 0, 0, 'Cheung', '', 'Stable Master', NULL, NULL, 4, 0, 0, 1, 0, 0, 0, 0, 7, 4096, 0, 1, 1, 0, 0, 60160, 41488), -- 66266
(20846, 0, 0, 'Gray Elekk', '', NULL, NULL, NULL, 8, 0, 0, 1, 0, 0, 0, 0, 1, 0, 0, 1, 1, 0, 140, 16487, 41488), -- 20846
(32206, 0, 0, 'Armored Brown Bear', '', NULL, NULL, NULL, 2, 0, 0, 1, 0, 0, 0, 0, 1, 0, 0, 1, 1, 0, 140, 36744, 41488), -- 32206
(18362, 0, 0, 'Swift Purple Gryphon', '', NULL, NULL, NULL, 8, 0, 0, 1, 0, 0, 0, 160, 1, 0, 0, 1, 1, 0, 140, 14067, 41488), -- 18362
(66564, 0, 0, 'Terribly Wounded Pilot', '', NULL, NULL, 'questinteract', 4, 0, 0, 1, 0, 0, 0, 0, 7, 4104, 0, 1, 1, 0, 0, 60522, 41488), -- 66564
(66565, 0, 0, 'Critically Wounded Pilot', '', NULL, NULL, 'questinteract', 4, 0, 0, 1, 0, 0, 0, 0, 7, 4104, 0, 1, 1, 0, 0, 60523, 41488), -- 66565
(66567, 0, 0, 'Mortally Wounded Pilot', '', NULL, NULL, 'questinteract', 4, 0, 0, 1, 0, 0, 0, 0, 7, 4104, 0, 1, 1, 0, 0, 60525, 41488), -- 66567
(53273, 0, 0, 'Winged Guardian', '', NULL, NULL, NULL, 8, 0, 0, 1, 0, 0, 0, 0, 1, 0, 0, 1, 1, 0, 140, 32932, 41488), -- 53273
(18376, 0, 0, 'Swift Red Gryphon', '', NULL, NULL, NULL, 2, 0, 0, 1, 0, 0, 0, 160, 1, 0, 0, 1, 1, 0, 140, 14089, 41488), -- 18376
(66023, 0, 0, 'Wing Kyo', '', 'Flight Master', NULL, NULL, 8, 0, 0, 2, 0, 0, 0, 0, 7, 0, 0, 1, 1, 0, 0, 59868, 41488), -- 66023
(14505, 0, 0, 'Dreadsteed', '', NULL, NULL, NULL, 8, 0, 0, 1, 0, 0, 0, 0, 3, 0, 0, 1, 1, 0, 140, 9906, 41488), -- 14505
(59666, 0, 0, 'Emerald Turtle', '', NULL, NULL, NULL, 8, 0, 0, 1, 0, 0, 0, 0, 8, 0, 0, 1, 1, 0, 0, 22848, 41488), -- 59666
(63004, 0, 0, 'Grove Viper', '', NULL, NULL, 'wildpetcapturable', 8, 0, 0, 1, 0, 0, 0, 0, 14, 0, 0, 1, 1, 0, 0, 56208, 41488), -- 63004
(59979, 0, 0, 'Twinspire Peon', '', NULL, NULL, NULL, 4, 0, 0, 1, 0, 0, 6, 0, 7, 0, 0, 0.300000011920928955, 1, 0, 0, 22206, 41488), -- 59979
(66350, 0, 0, 'Blacktalon Watcher', '', 'Servant of the Black Prince', NULL, NULL, 4, 0, 0, 1, 0, 0, 1, 0, 7, 0, 0, 5, 1, 0, 0, 60245, 41488), -- 66350
(66351, 0, 0, 'Blacktalon Agent', '', 'Servant of the Black Prince', NULL, NULL, 4, 0, 0, 1, 0, 0, 1, 0, 7, 0, 0, 5, 1, 0, 0, 60246, 41488), -- 66351
(14555, 0, 0, 'Swift Mistsaber', '', NULL, NULL, NULL, 8, 0, 0, 1, 0, 0, 0, 0, 1, 0, 0, 1, 1, 0, 140, 9955, 41488), -- 14555
(39208, 0, 0, 'Exarch\'s Elekk', '', NULL, NULL, NULL, 8, 0, 0, 1, 0, 0, 0, 0, 1, 0, 0, 1, 1, 0, 140, 49470, 41488), -- 39208
(14556, 0, 0, 'Swift Frostsaber', '', NULL, NULL, NULL, 8, 0, 0, 1, 0, 0, 0, 0, 1, 0, 0, 1, 1, 0, 140, 9956, 41488), -- 14556
(39209, 0, 0, 'Great Exarch\'s Elekk', '', NULL, NULL, NULL, 8, 0, 0, 1, 0, 0, 0, 0, 1, 0, 0, 1, 1, 0, 140, 49472, 41488), -- 39209
(48632, 0, 0, 'Golden King', '', NULL, NULL, NULL, 8, 0, 0, 1, 0, 0, 0, 0, 1, 0, 0, 1, 1, 0, 140, 40893, 41488), -- 48632
(14565, 0, 0, 'Charger', '', NULL, NULL, NULL, 8, 0, 0, 1, 0, 0, 0, 0, 1, 0, 0, 1, 1, 0, 140, 9965, 41488), -- 14565
(66092, 0, 0, 'Point Bunny', '', NULL, NULL, NULL, 4, 0, 0, 1, 0, 0, 0, 0, 10, 0, 0, 1, 1, 0, 0, 59937, 41488), -- 66092
(66666, 0, 0, 'Paw\'don Defender', '', NULL, NULL, NULL, 4, 0, 0, 1, 0, 0, 1, 0, 7, 0, 0, 6, 1, 0, 164, 60638, 41488), -- 66666
(59743, 0, 0, 'Silverhorn Stag', '', NULL, NULL, NULL, 4, 0, 0, 1, 0, 0, 0, 151, 1, 1, 0, 1, 1, 0, 0, 22676, 41488), -- 59743
(59744, 0, 0, 'Silverhorn Yearling', '', NULL, NULL, NULL, 4, 0, 0, 1, 0, 0, 0, 151, 1, 1, 0, 0.800000011920928955, 1, 0, 0, 22674, 41488), -- 59744
(59745, 0, 0, 'Silverhorn Calf', '', NULL, NULL, NULL, 4, 0, 0, 1, 0, 0, 0, 151, 1, 1, 0, 0.60000002384185791, 1, 0, 0, 22671, 41488), -- 59745
(65011, 0, 0, 'Albino Riding Crane', '', NULL, NULL, NULL, 8, 0, 0, 1, 0, 0, 0, 0, 1, 0, 0, 1, 1, 0, 140, 58409, 41488), -- 65011
(14602, 0, 0, 'Swift Stormsaber', '', NULL, NULL, NULL, 8, 0, 0, 1, 0, 0, 0, 0, 1, 0, 0, 1, 1, 0, 140, 9971, 41488), -- 14602
(1860, 0, 0, 'Voidwalker', '', NULL, NULL, NULL, 8, 0, 0, 4, 0, 0, 0, 16, 3, 0, 1, 1, 2, 0, 122, 1533, 41488), -- 1860
(66963, 0, 0, 'Alliance Battlemage', '', NULL, NULL, NULL, 4, 0, 0, 8, 0, 0, 0, 0, 7, 0, 0, 1, 1, 0, 0, 60964, 41488), -- 66963
(7687, 0, 0, 'Spotted Frostsaber', '', NULL, NULL, NULL, 8, 0, 0, 1, 0, 0, 0, 0, 1, 0, 0, 1, 1, 0, 140, 6032, 41488), -- 7687
(7690, 0, 0, 'Striped Nightsaber', '', NULL, NULL, NULL, 8, 0, 0, 1, 0, 0, 0, 0, 1, 0, 0, 1, 1, 0, 140, 6034, 41488), -- 7690
(64761, 0, 0, 'Jumping Spider', '', NULL, NULL, NULL, 8, 0, 0, 1, 0, 0, 0, 0, 8, 0, 0, 0.200000002980232238, 1, 0, 100, 58157, 41488), -- 64761
(32633, 0, 0, 'Traveler\'s Tundra Mammoth', '', NULL, NULL, 'vehichleCursor', 8, 0, 0, 1, 0, 0, 0, 0, 1, 0, 0, 1, 1, 0, 180, 37532, 41488), -- 32633
(66432, 0, 0, 'Horde War Wagon', '', NULL, NULL, NULL, 4, 0, 0, 1, 0, 0, 0, 0, 9, 1611661328, 6, 1, 1, 0, 0, 60370, 41488), -- 66432
(59785, 0, 0, 'Singing Moth', '', NULL, NULL, NULL, 4, 0, 0, 1, 0, 0, 0, 37, 1, 1, 0, 1, 1, 0, 0, 22590, 41488), -- 59785
(66433, 0, 0, 'Skyfire Gyrocopter', '', NULL, NULL, NULL, 4, 0, 0, 1, 0, 0, 0, 0, 9, 1611661328, 6, 1, 1, 0, 0, 60371, 41488), -- 66433
(65058, 0, 0, 'Black Dragon Turtle', '', NULL, NULL, NULL, 4, 0, 0, 1, 0, 0, 0, 0, 1, 0, 0, 1, 1, 0, 140, 58456, 41488), -- 65058
(65060, 0, 0, 'Blue Dragon Turtle', '', NULL, NULL, NULL, 4, 0, 0, 1, 0, 0, 0, 0, 1, 0, 0, 1, 1, 0, 140, 58458, 41488), -- 65060
(65061, 0, 0, 'Brown Dragon Turtle', '', NULL, NULL, NULL, 4, 0, 0, 1, 0, 0, 0, 0, 1, 0, 0, 1, 1, 0, 140, 58459, 41488), -- 65061
(65893, 0, 0, 'Elder Yoon Su', '', NULL, NULL, NULL, 4, 0, 0, 1, 0, 0, 0, 0, 7, 4096, 0, 1, 1, 0, 0, 59733, 41488), -- 65893
(65063, 0, 0, 'Purple Dragon Turtle', '', NULL, NULL, NULL, 4, 0, 0, 1, 0, 0, 0, 0, 1, 0, 0, 1, 1, 0, 140, 58461, 41488), -- 65063
(65065, 0, 0, 'Red Dragon Turtle', '', NULL, NULL, NULL, 4, 0, 0, 1, 0, 0, 0, 0, 1, 0, 0, 1, 1, 0, 140, 58463, 41488), -- 65065
(65900, 0, 0, 'Jadori Ironeye', '', 'Toolsmith', NULL, NULL, 4, 0, 0, 1, 0, 0, 0, 0, 7, 4096, 0, 1, 1, 0, 0, 59740, 41488), -- 65900
(66459, 0, 0, 'Garrosh\'ar Shredder', '', NULL, NULL, NULL, 4, 0, 0, 1, 0, 0, 0, 0, 9, 1048576, 0, 1, 1, 0, 0, 60402, 41488), -- 66459
(6074, 0, 0, 'Striped Frostsaber', '', NULL, NULL, NULL, 8, 0, 0, 1, 0, 0, 0, 0, 1, 0, 0, 1, 1, 0, 140, 5269, 41488), -- 6074
(65907, 0, 0, 'Jiayi Applebloom', '', 'Innkeeper', NULL, 'innkeeper', 4, 0, 0, 1, 0, 0, 0, 0, 7, 4096, 0, 1, 1, 0, 0, 59747, 41488), -- 65907
(65908, 0, 0, 'Seer Yong', '', NULL, NULL, NULL, 4, 0, 0, 1, 0, 0, 0, 0, 7, 4096, 0, 1, 1, 0, 0, 59748, 41488), -- 65908
(65909, 0, 0, 'Serenity', '', 'Brews', NULL, NULL, 4, 0, 0, 1, 0, 0, 0, 0, 7, 4096, 0, 1, 1, 0, 0, 59749, 41488), -- 65909
(67020, 0, 0, 'Matthew Owens', '', 'Alliance Mage', NULL, NULL, 4, 0, 0, 1, 0, 0, 0, 0, 7, 0, 0, 1, 1, 0, 0, 61026, 41488), -- 67020
(65914, 0, 0, 'Jor Jor', '', NULL, NULL, NULL, 4, 0, 0, 1, 0, 0, 0, 0, 7, 4096, 0, 1, 1, 0, 0, 59754, 41488), -- 65914
(35168, 0, 0, 'Striped Dawnsaber', '', NULL, NULL, NULL, 8, 0, 0, 1, 0, 0, 0, 0, 1, 0, 0, 1, 1, 0, 140, 42955, 41488), -- 35168
(67024, 0, 0, 'Rockseeker Guo', '', 'Mining Trainer', NULL, NULL, 4, 0, 0, 1, 0, 0, 0, 0, 7, 0, 0, 1, 1, 0, 0, 61030, 41488), -- 67024
(65917, 0, 0, 'Cui Applebloom', '', 'Mistress of Cider', NULL, NULL, 4, 0, 0, 1, 0, 0, 0, 0, 7, 4096, 0, 1, 1, 0, 0, 59757, 41488), -- 65917
(67025, 0, 0, 'Orchard Keeper Li Mei', '', 'Herbalism Trainer', NULL, NULL, 4, 0, 0, 1, 0, 0, 0, 0, 7, 0, 0, 1, 1, 0, 0, 61031, 41488), -- 67025
(67026, 0, 0, 'Hao of the Stag\'s Horns', '', 'Skinning Trainer', NULL, NULL, 4, 0, 0, 1, 0, 0, 0, 0, 7, 0, 0, 1, 1, 0, 0, 61032, 41488), -- 67026
(65923, 0, 0, 'Ju Applebloom', '', NULL, NULL, NULL, 4, 0, 0, 1, 0, 0, 0, 0, 7, 4096, 0, 1, 1, 0, 0, 59763, 41488), -- 65923
(61492, 0, 0, 'Wounded Pilot', '', NULL, NULL, 'questinteract', 4, 0, 0, 1, 0, 0, 0, 0, 7, 4104, 0, 1, 1, 0, 0, 19550, 41488), -- 61492
(58169, 0, 0, 'Heart of the Aspects', '', NULL, NULL, NULL, 8, 0, 0, 1, 0, 0, 0, 0, 1, 0, 0, 1, 1, 0, 140, 25707, 41488); -- 58169

DELETE FROM `creature_template_model` WHERE (`Idx`=0 AND `CreatureID` IN (59666,66565,65980,67020,64596,39209,20846,65908,63004,65914,65907,66963,65061,18376,59311,63715,64761,66432,65065,65060,53273,32633,14565,7687,307,66092,65927,66351,65979,67024,65893,66666,67025,65909,66433,58169,32206,14505,66567,65982,67026,65983,66350,61809,305,59743,59312,65981,59745,65063,48632,35168,14555,7690,39208,59744,59785,66459,59979,65937,65058,1860,65917,66564,66266,54627,65926,66023,65923,65900,54896,61492,65011,18362,14602,14556,9158,6074,304)) OR (`Idx`=1 AND `CreatureID` IN (63004,59311,63715,64761,66092,66351,66666,66350,59312,59744,59979,54627,54896)) OR (`Idx`=3 AND `CreatureID` IN (66666,66350,59312,54627)) OR (`Idx`=2 AND `CreatureID` IN (66666,66350,59312,59979,54627));
INSERT INTO `creature_template_model` (`CreatureID`, `Idx`, `CreatureDisplayID`, `DisplayScale`, `Probability`, `VerifiedBuild`) VALUES
(59666, 0, 27883, 1, 1, 41488), -- 59666
(66565, 0, 45156, 1, 1, 41488), -- 66565
(65980, 0, 44720, 1, 1, 41488), -- 65980
(67020, 0, 45554, 1, 1, 41488), -- 67020
(64596, 0, 44852, 1, 1, 41488), -- 64596
(39209, 0, 31368, 1, 1, 41488), -- 39209
(20846, 0, 19869, 1, 0, 41488), -- 20846
(65908, 0, 44670, 1, 1, 41488), -- 65908
(63004, 1, 2957, 1, 1, 41488), -- 63004
(63004, 0, 35802, 1, 1, 41488), -- 63004
(65914, 0, 44676, 1, 1, 41488), -- 65914
(65907, 0, 44669, 1, 1, 41488), -- 65907
(66963, 0, 28780, 1, 1, 41488), -- 66963
(65061, 0, 43719, 1, 0, 41488), -- 65061
(18376, 0, 17718, 1, 0, 41488), -- 18376
(59311, 1, 39936, 1, 1, 41488), -- 59311
(59311, 0, 40680, 1, 1, 41488), -- 59311
(63715, 1, 43199, 1, 1, 41488), -- 63715
(63715, 0, 43199, 1, 1, 41488), -- 63715
(64761, 1, 43199, 1, 1, 41488), -- 64761
(64761, 0, 43199, 1, 1, 41488), -- 64761
(66432, 0, 36555, 1, 1, 41488), -- 66432
(65065, 0, 43721, 1, 0, 41488), -- 65065
(65060, 0, 43718, 1, 0, 41488), -- 65060
(53273, 0, 38260, 1, 0, 41488), -- 53273
(32633, 0, 27237, 1, 1, 41488), -- 32633
(14565, 0, 14584, 1, 1, 41488), -- 14565
(7687, 0, 6444, 1, 1, 41488), -- 7687
(307, 0, 2409, 1, 1, 41488), -- 307
(66092, 1, 11686, 1, 1, 41488), -- 66092
(66092, 0, 1126, 1, 0, 41488), -- 66092
(65927, 0, 44680, 1, 1, 41488), -- 65927
(66351, 1, 39424, 1, 1, 41488), -- 66351
(66351, 0, 44983, 1, 0, 41488), -- 66351
(65979, 0, 44719, 1, 1, 41488), -- 65979
(67024, 0, 45604, 1, 0, 41488), -- 67024
(65893, 0, 44666, 1, 1, 41488), -- 65893
(66666, 3, 45753, 1, 1, 41488), -- 66666
(66666, 2, 45752, 1, 1, 41488), -- 66666
(66666, 1, 45751, 1, 1, 41488), -- 66666
(66666, 0, 45750, 1, 1, 41488), -- 66666
(67025, 0, 45607, 1, 1, 41488), -- 67025
(65909, 0, 44671, 1, 1, 41488), -- 65909
(66433, 0, 11686, 1, 1, 41488), -- 66433
(58169, 0, 40029, 1, 0, 41488), -- 58169
(32206, 0, 27820, 1, 1, 41488), -- 32206
(14505, 0, 14554, 1, 1, 41488), -- 14505
(66567, 0, 45156, 1, 1, 41488), -- 66567
(65982, 0, 44722, 1, 1, 41488), -- 65982
(67026, 0, 45627, 1, 0, 41488), -- 67026
(65983, 0, 44723, 1, 1, 41488), -- 65983
(66350, 3, 44987, 1, 0, 41488), -- 66350
(66350, 2, 44993, 1, 1, 41488), -- 66350
(66350, 1, 44995, 1, 0, 41488), -- 66350
(66350, 0, 39211, 1, 1, 41488), -- 66350
(61809, 0, 42250, 1, 0, 41488), -- 61809
(305, 0, 2410, 1, 1, 41488), -- 305
(59743, 0, 45315, 1, 1, 41488), -- 59743
(59312, 3, 2955, 1, 1, 41488), -- 59312
(59312, 2, 2957, 1, 1, 41488), -- 59312
(59312, 1, 36578, 1, 1, 41488), -- 59312
(59312, 0, 6303, 1, 1, 41488), -- 59312
(65981, 0, 44721, 1, 1, 41488), -- 65981
(59745, 0, 45749, 1, 1, 41488), -- 59745
(65063, 0, 43720, 1, 0, 41488), -- 65063
(48632, 0, 36213, 1, 1, 41488), -- 48632
(35168, 0, 29755, 1, 1, 41488), -- 35168
(14555, 0, 14332, 1, 1, 41488), -- 14555
(7690, 0, 6448, 1, 1, 41488), -- 7690
(39208, 0, 31367, 1, 1, 41488), -- 39208
(59744, 1, 45077, 1, 1, 41488), -- 59744
(59744, 0, 45746, 1, 1, 41488), -- 59744
(59785, 0, 17574, 1, 1, 41488), -- 59785
(66459, 0, 1269, 1, 1, 41488), -- 66459
(59979, 2, 45228, 1, 1, 41488), -- 59979
(59979, 1, 45227, 1, 1, 41488), -- 59979
(59979, 0, 45226, 1, 1, 41488), -- 59979
(65937, 0, 45638, 1, 1, 41488), -- 65937
(65058, 0, 43717, 1, 0, 41488), -- 65058
(1860, 0, 77397, 1, 1, 41488), -- 1860
(65917, 0, 44678, 1, 1, 41488), -- 65917
(66564, 0, 45156, 1, 1, 41488), -- 66564
(66266, 0, 44959, 1, 1, 41488), -- 66266
(54627, 3, 45235, 1, 1, 41488), -- 54627
(54627, 2, 45234, 1, 1, 41488), -- 54627
(54627, 1, 45237, 1, 1, 41488), -- 54627
(54627, 0, 45236, 1, 1, 41488), -- 54627
(65926, 0, 44681, 1, 1, 41488), -- 65926
(66023, 0, 44741, 1, 1, 41488), -- 66023
(65923, 0, 44679, 1, 1, 41488), -- 65923
(65900, 0, 44668, 1, 1, 41488), -- 65900
(54896, 1, 40123, 1, 1, 41488), -- 54896
(54896, 0, 45700, 1, 1, 41488), -- 54896
(61492, 0, 45156, 1, 1, 41488), -- 61492
(65011, 0, 43708, 1, 0, 41488), -- 65011
(18362, 0, 17717, 1, 0, 41488), -- 18362
(14602, 0, 14632, 1, 1, 41488), -- 14602
(14556, 0, 14331, 1, 1, 41488), -- 14556
(9158, 0, 8469, 1, 1, 41488), -- 9158
(6074, 0, 6080, 1, 1, 41488), -- 6074
(304, 0, 2346, 1, 1, 41488); -- 304

DELETE FROM `gameobject_template` WHERE `entry` IN (212616 /*212616*/, 187191 /*187191*/, 212620 /*212620*/, 214568 /*214568*/, 215973 /*215973*/, 212617 /*212617*/, 210805 /*210805*/, 216302 /*216302*/, 212171 /*212171*/, 215133 /*215133*/, 187567 /*187567*/, 212615 /*212615*/, 212614 /*212614*/, 187194 /*187194*/, 278575 /*278575*/, 215835 /*215835*/, 213269 /*213269*/, 212618 /*212618*/, 209354 /*209354*/, 213271 /*213271*/, 212619 /*212619*/, 213270 /*213270*/, 213091 /*213091*/, 214563 /*214563*/, 215318 /*215318*/, 213268 /*213268*/, 214569 /*214569*/, 213090 /*213090*/, 209353 /*209353*/, 215834 /*215834*/, 216301 /*216301*/, 214570 /*214570*/);
INSERT INTO `gameobject_template` (`entry`, `type`, `displayId`, `name`, `IconName`, `castBarCaption`, `unk1`, `size`, `Data0`, `Data1`, `Data2`, `Data3`, `Data4`, `Data5`, `Data6`, `Data7`, `Data8`, `Data9`, `Data10`, `Data11`, `Data12`, `Data13`, `Data14`, `Data15`, `Data16`, `Data17`, `Data18`, `Data19`, `Data20`, `Data21`, `Data22`, `Data23`, `Data24`, `Data25`, `Data26`, `Data27`, `Data28`, `Data29`, `Data30`, `Data31`, `Data32`, `Data33`, `Data34`, `ContentTuningId`, `VerifiedBuild`) VALUES
(212616, 7, 11604, 'Stool', '', '', '', 0.999999821186065673, 1, 1, 0, 0, 0, 0, 0, 0, 0, 0, 0, 0, 0, 0, 0, 0, 0, 0, 0, 0, 0, 0, 0, 0, 0, 0, 0, 0, 0, 0, 0, 0, 0, 0, 0, 0, 41488), -- 212616
(187191, 5, 5251, 'Standing, Exterior, Medium - Xmas', '', '', '', 1, 0, 0, 0, 0, 0, 0, 0, 0, 0, 0, 0, 0, 0, 0, 0, 0, 0, 0, 0, 0, 0, 0, 0, 0, 0, 0, 0, 0, 0, 0, 0, 0, 0, 0, 0, 0, 41488), -- 187191
(212620, 8, 11796, 'Fireplace', '', '', '', 1.019350051879882812, 0, 10, 0, 0, 0, 0, 0, 0, 0, 0, 0, 0, 0, 0, 0, 0, 0, 0, 0, 0, 0, 0, 0, 0, 0, 0, 0, 0, 0, 0, 0, 0, 0, 0, 0, 0, 41488), -- 212620
(214568, 7, 11039, 'Stool', '', '', '', 1, 1, 1, 0, 5685156, 0, 0, 0, 0, 0, 0, 0, 0, 0, 0, 0, 0, 0, 0, 0, 0, 0, 0, 0, 0, 0, 0, 0, 0, 0, 0, 0, 0, 0, 0, 0, 0, 41488), -- 214568
(215973, 19, 10790, 'Mailbox', '', '', '', 1, 0, 0, 0, 0, 0, 0, 0, 0, 0, 0, 0, 0, 0, 0, 0, 0, 0, 0, 0, 0, 0, 0, 0, 0, 0, 0, 0, 0, 0, 0, 0, 0, 0, 0, 0, 0, 41488), -- 215973
(212617, 7, 11604, 'Stool', '', '', '', 0.999999701976776123, 1, 1, 0, 0, 0, 0, 0, 0, 0, 0, 0, 0, 0, 0, 0, 0, 0, 0, 0, 0, 0, 0, 0, 0, 0, 0, 0, 0, 0, 0, 0, 0, 0, 0, 0, 0, 41488), -- 212617
(210805, 22, 4396, 'Portal to Stormwind', '', '', '', 1, 123072, 0, 0, 1, 0, 0, 0, 0, 0, 0, 0, 0, 0, 0, 0, 0, 0, 0, 0, 0, 0, 0, 0, 0, 0, 0, 0, 0, 0, 0, 0, 0, 0, 0, 0, 0, 41488), -- 210805
(216302, 8, 10823, 'Stove', '', '', '', 1, 4, 10, 0, 0, 5696760, 0, 1, 0, 0, 0, 0, 0, 0, 0, 0, 0, 0, 0, 0, 0, 0, 0, 0, 0, 0, 0, 0, 0, 0, 0, 0, 0, 0, 0, 0, 0, 41488), -- 216302
(212171, 25, 6435, 'Jade Lungfish School', '', '', '', 1, 4, 42522, 3, 5, 1628, 0, 0, 0, 0, 0, 0, 0, 0, 0, 0, 0, 0, 0, 0, 0, 0, 0, 0, 0, 0, 0, 0, 0, 0, 0, 0, 0, 0, 0, 0, 860, 41488), -- 212171
(215133, 10, 10976, 'Applebloom Cider', '', '', '', 1, 0, 31739, 0, 0, 0, 1, 0, 0, 0, 0, 130231, 0, 0, 0, 0, 0, 0, 0, 0, 0, 0, 0, 0, 1, 0, 0, 1, 0, 0, 0, 0, 0, 0, 0, 0, 57, 41488), -- 215133
(187567, 5, 5264, 'Hanging, Streamer - Xmas', '', '', '', 1, 0, 0, 0, 0, 0, 0, 0, 0, 0, 0, 0, 0, 0, 0, 0, 0, 0, 0, 0, 0, 0, 0, 0, 0, 0, 0, 0, 0, 0, 0, 0, 0, 0, 0, 0, 0, 41488), -- 187567
(212615, 7, 11604, 'Stool', '', '', '', 1, 1, 1, 0, 0, 0, 0, 0, 0, 0, 0, 0, 0, 0, 0, 0, 0, 0, 0, 0, 0, 0, 0, 0, 0, 0, 0, 0, 0, 0, 0, 0, 0, 0, 0, 0, 0, 41488), -- 212615
(212614, 8, 11274, 'Kitchen Table', '', '', '', 1, 0, 10, 0, 0, 0, 0, 0, 0, 0, 0, 0, 0, 0, 0, 0, 0, 0, 0, 0, 0, 0, 0, 0, 0, 0, 0, 0, 0, 0, 0, 0, 0, 0, 0, 0, 0, 41488), -- 212614
(187194, 5, 5351, 'Hanging, Streamer x3 - Xmas', '', '', '', 1, 0, 0, 0, 0, 0, 0, 0, 0, 0, 0, 0, 0, 0, 0, 0, 0, 0, 0, 0, 0, 0, 0, 0, 0, 0, 0, 0, 0, 0, 0, 0, 0, 0, 0, 0, 0, 41488), -- 187194
(278575, 10, 47195, 'Hero\'s Call Board', '', '', '', 1, 2824, 0, 0, 0, 0, 0, 0, 0, 0, 0, 261654, 0, 0, 0, 0, 0, 0, 1, 0, 0, 1, 0, 0, 1, 0, 0, 0, 0, 0, 0, 0, 0, 0, 0, 0, 829, 41488), -- 278575
(215835, 1, 9089, 'Alliance Gunship Portal Effects', '', '', '', 1, 1, 0, 0, 0, 0, 1, 0, 0, 0, 0, 0, 0, 0, 0, 0, 0, 0, 0, 0, 0, 0, 0, 0, 0, 0, 0, 0, 0, 0, 0, 0, 0, 0, 0, 0, 0, 41488), -- 215835
(213269, 0, 11896, 'Doodad_PA_EastTemple_DoorRound002', '', '', '', 1, 1, 5749660, 3000, 0, 0, 0, 0, 0, 0, 0, 0, 0, 0, 0, 0, 0, 0, 0, 0, 0, 0, 0, 0, 0, 0, 0, 0, 0, 0, 0, 0, 0, 0, 0, 0, 0, 41488), -- 213269
(212618, 7, 11604, 'Stool', '', '', '', 0.999999821186065673, 1, 1, 0, 0, 0, 0, 0, 0, 0, 0, 0, 0, 0, 0, 0, 0, 0, 0, 0, 0, 0, 0, 0, 0, 0, 0, 0, 0, 0, 0, 0, 0, 0, 0, 0, 0, 41488), -- 212618
(209354, 50, 12430, 'Golden Lotus', '', '', '', 0.5, 2859, 40328, 0, 0, 75, 75, 30, 0, 0, 0, 0, 0, 680, 1, 130653, 0, 0, 0, 10, 0, 0, 0, 0, 0, 0, 0, 0, 0, 0, 0, 0, 0, 0, 0, 0, 680, 41488), -- 209354
(213271, 0, 11896, 'Doodad_PA_EastTemple_DoorRound004', '', '', '', 1, 1, 5749660, 3000, 0, 0, 0, 0, 0, 0, 0, 0, 0, 0, 0, 0, 0, 0, 0, 0, 0, 0, 0, 0, 0, 0, 0, 0, 0, 0, 0, 0, 0, 0, 0, 0, 0, 41488), -- 213271
(212619, 7, 11604, 'Stool', '', '', '', 0.999999940395355224, 1, 1, 0, 0, 0, 0, 0, 0, 0, 0, 0, 0, 0, 0, 0, 0, 0, 0, 0, 0, 0, 0, 0, 0, 0, 0, 0, 0, 0, 0, 0, 0, 0, 0, 0, 0, 41488), -- 212619
(213270, 0, 11896, 'Doodad_PA_EastTemple_DoorRound003', '', '', '', 1, 0, 5749660, 0, 0, 0, 0, 0, 0, 0, 0, 0, 0, 0, 0, 0, 0, 0, 0, 0, 0, 0, 0, 0, 0, 0, 0, 0, 0, 0, 0, 0, 0, 0, 0, 0, 0, 41488), -- 213270
(213091, 0, 11897, 'Doodad_PA_EastTemple_DoorTower002', '', '', '', 1, 1, 5743776, 3000, 0, 0, 0, 0, 0, 0, 0, 0, 0, 0, 0, 0, 0, 0, 0, 0, 0, 0, 0, 0, 0, 0, 0, 0, 0, 0, 0, 0, 0, 0, 0, 0, 0, 41488), -- 213091
(214563, 7, 11604, 'Stool', '', '', '', 1, 1, 1, 0, 5685156, 0, 0, 0, 0, 0, 0, 0, 0, 0, 0, 0, 0, 0, 0, 0, 0, 0, 0, 0, 0, 0, 0, 0, 0, 0, 0, 0, 0, 0, 0, 0, 0, 41488), -- 214563
(215318, 5, 12828, 'Archimonde Fire', '', '', '', 1, 0, 0, 0, 1, 0, 0, 0, 0, 0, 0, 0, 0, 0, 0, 0, 0, 0, 0, 0, 0, 0, 0, 0, 0, 0, 0, 0, 0, 0, 0, 0, 0, 0, 0, 0, 0, 41488), -- 215318
(213268, 0, 11896, 'Doodad_PA_EastTemple_DoorRound001', '', '', '', 1, 1, 5749660, 3000, 0, 0, 0, 0, 0, 0, 0, 0, 0, 0, 0, 0, 0, 0, 0, 0, 0, 0, 0, 0, 0, 0, 0, 0, 0, 0, 0, 0, 0, 0, 0, 0, 0, 41488), -- 213268
(214569, 7, 11604, 'Stool', '', '', '', 1, 1, 1, 0, 5685156, 0, 0, 0, 0, 0, 0, 0, 0, 0, 0, 0, 0, 0, 0, 0, 0, 0, 0, 0, 0, 0, 0, 0, 0, 0, 0, 0, 0, 0, 0, 0, 0, 41488), -- 214569
(213090, 0, 11897, 'Doodad_PA_EastTemple_DoorTower001', '', '', '', 0.9627419114112854, 1, 5743776, 3000, 0, 0, 0, 0, 0, 0, 0, 0, 0, 0, 0, 0, 0, 0, 0, 0, 0, 0, 0, 0, 0, 0, 0, 0, 0, 0, 0, 0, 0, 0, 0, 0, 0, 41488), -- 213090
(209353, 50, 12431, 'Rain Poppy', '', '', '', 1, 2859, 40327, 0, 0, 25, 50, 30, 0, 0, 0, 0, 0, 680, 1, 0, 0, 0, 0, 10, 0, 0, 0, 0, 0, 0, 0, 0, 0, 0, 0, 0, 0, 0, 0, 0, 680, 41488), -- 209353
(215834, 22, 9086, 'Gunship Portal', '', '', '', 1, 131603, 0, 0, 1, 1, 0, 0, 0, 0, 0, 0, 0, 0, 0, 0, 0, 0, 0, 0, 0, 0, 0, 0, 0, 0, 0, 0, 0, 0, 0, 0, 0, 0, 0, 0, 57, 41488), -- 215834
(216301, 8, 10823, 'Stove', '', '', '', 1, 4, 10, 0, 0, 0, 0, 1, 0, 0, 0, 0, 0, 0, 0, 0, 0, 0, 0, 0, 0, 0, 0, 0, 0, 0, 0, 0, 0, 0, 0, 0, 0, 0, 0, 0, 0, 41488), -- 216301
(214570, 7, 11039, 'Stool', '', '', '', 1, 1, 1, 0, 5685156, 0, 0, 0, 0, 0, 0, 0, 0, 0, 0, 0, 0, 0, 0, 0, 0, 0, 0, 0, 0, 0, 0, 0, 0, 0, 0, 0, 0, 0, 0, 0, 0, 41488); -- 214570

DELETE FROM `playerchoice` WHERE `ChoiceId`=505;
INSERT INTO `playerchoice` (`ChoiceId`, `UiTextureKitId`, `SoundKitId`, `Question`, `HideWarboardHeader`, `KeepOpenAfterChoice`, `VerifiedBuild`) VALUES
(505, 261, 0, 'The following missions are for lower-level adventurers.', 0, 0, 41488);

DELETE FROM `playerchoice_response` WHERE (`ChoiceId`=505 AND `ResponseId`=987 AND `Index`=2) OR (`ChoiceId`=505 AND `ResponseId`=988 AND `Index`=1) OR (`ChoiceId`=505 AND `ResponseId`=989 AND `Index`=0);
INSERT INTO `playerchoice_response` (`ChoiceId`, `ResponseId`, `ResponseIdentifier`, `Index`, `ChoiceArtFileId`, `Flags`, `WidgetSetId`, `UiTextureAtlasElementID`, `SoundKitId`, `GroupId`, `Header`, `Subheader`, `ButtonTooltip`, `Answer`, `Description`, `Confirmation`, `RewardQuestID`, `UiTextureKitID`, `VerifiedBuild`) VALUES
(505, 987, 14, 2, 1851128, 0, 0, 0, 0, 0, 'Uldum', '', '', 'Travel to Tanaris', 'The ancient lands of Uldum has been exposed, bearing its ancient treasures and Titan technology to both the Alliance and Horde.\n\nRendezvous with Adarrah\'s caravan in Tanaris, and secure Uldum and its resources for the Alliance.', '', 0, 0, 41488),
(505, 988, 13, 1, 1851127, 0, 0, 0, 0, 0, 'Twilight Highlands', '', '', 'Attack the Highlands', 'The Twilight\'s Hammer have established their base of operations in the Twilight Highlands.\n\nIt is time we travel to the Highlands and eradicate the Twilight\'s Hammer cult.', '', 0, 0, 41488),
(505, 989, 12, 0, 1851133, 0, 0, 0, 0, 0, 'The Jade Forest', '', '', 'Report to Stormwind Keep', 'A naval battle between the Alliance and Horde have stranded some of our people on an 0 landmass.$b$bBring them back home.', '', 0, 0, 41488);


DELETE FROM `npc_text` WHERE `ID` IN (21107 /*21107*/, 21089 /*21089*/, 21092 /*21092*/, 21619 /*21619*/, 21097 /*21097*/, 21499 /*21499*/, 21501 /*21501*/, 21091 /*21091*/, 21500 /*21500*/, 21709 /*21709*/, 13584 /*13584*/, 7028 /*7028*/, 20696 /*20696*/, 21090 /*21090*/, 21114 /*21114*/, 21106 /*21106*/);
INSERT INTO `npc_text` (`ID`, `Probability0`, `Probability1`, `Probability2`, `Probability3`, `Probability4`, `Probability5`, `Probability6`, `Probability7`, `BroadcastTextId0`, `BroadcastTextId1`, `BroadcastTextId2`, `BroadcastTextId3`, `BroadcastTextId4`, `BroadcastTextId5`, `BroadcastTextId6`, `BroadcastTextId7`, `VerifiedBuild`) VALUES
(21107, 1, 0, 0, 0, 0, 0, 0, 0, 67214, 0, 0, 0, 0, 0, 0, 0, 41488), -- 21107
(21089, 1, 0, 0, 0, 0, 0, 0, 0, 67154, 0, 0, 0, 0, 0, 0, 0, 41488), -- 21089
(21092, 1, 0, 0, 0, 0, 0, 0, 0, 67164, 0, 0, 0, 0, 0, 0, 0, 41488), -- 21092
(21619, 1, 0, 0, 0, 0, 0, 0, 0, 68466, 0, 0, 0, 0, 0, 0, 0, 41488), -- 21619
(21097, 1, 1, 1, 0, 0, 0, 0, 0, 67178, 67179, 67181, 0, 0, 0, 0, 0, 41488), -- 21097
(21499, 1, 0, 0, 0, 0, 0, 0, 0, 68312, 0, 0, 0, 0, 0, 0, 0, 41488), -- 21499
(21501, 1, 0, 0, 0, 0, 0, 0, 0, 68315, 0, 0, 0, 0, 0, 0, 0, 41488), -- 21501
(21091, 1, 1, 1, 0, 0, 0, 0, 0, 67157, 67158, 67159, 0, 0, 0, 0, 0, 41488), -- 21091
(21500, 1, 0, 0, 0, 0, 0, 0, 0, 68314, 0, 0, 0, 0, 0, 0, 0, 41488), -- 21500
(21709, 1, 0, 0, 0, 0, 0, 0, 0, 49490, 0, 0, 0, 0, 0, 0, 0, 41488), -- 21709
(13584, 1, 0, 0, 0, 0, 0, 0, 0, 30361, 0, 0, 0, 0, 0, 0, 0, 41488), -- 13584
(7028, 1, 0, 0, 0, 0, 0, 0, 0, 9701, 0, 0, 0, 0, 0, 0, 0, 41488), -- 7028
(20696, 1, 0, 0, 0, 0, 0, 0, 0, 66191, 0, 0, 0, 0, 0, 0, 0, 41488), -- 20696
(21090, 1, 0, 0, 0, 0, 0, 0, 0, 67156, 0, 0, 0, 0, 0, 0, 0, 41488), -- 21090
(21114, 1, 0, 0, 0, 0, 0, 0, 0, 67220, 0, 0, 0, 0, 0, 0, 0, 41488), -- 21114
(21106, 1, 1, 1, 0, 0, 0, 0, 0, 67209, 67210, 67211, 0, 0, 0, 0, 0, 41488); -- 21106
