SET @Oguid:=235286;
DELETE FROM `gameobject` WHERE `map`=36; 
DELETE FROM `gameobject` WHERE `guid` BETWEEN @Oguid+0 AND @Oguid+77;
INSERT INTO `gameobject` (`guid`, `id`, `map`, `zoneId`, `areaId`, `spawnMask`, `PhaseId`, `PhaseGroup`, `position_x`, `position_y`, `position_z`, `orientation`, `rotation0`, `rotation1`, `rotation2`, `rotation3`, `spawntimesecs`, `animprogress`, `state`, `VerifiedBuild`) VALUES
(@Oguid+0, 75293, 36, 0, 0, 2, 0, 0, -121.301, -810.208, 16.9638, 1.76278, 0, 0, 0.771624, 0.636079, 86400, 100, 1, 0),
(@Oguid+1, 75293, 36, 0, 0, 2, 0, 0, -155.3, -913.896, 10.2809, 0.90757, 0, 0, 0.438371, 0.898794, 86400, 100, 1, 0),
(@Oguid+2, 75293, 36, 0, 0, 2, 0, 0, -300.887, -532.542, 49.4236, 0.226893, 0, 0, 0.113203, 0.993572, 86400, 100, 1, 0),
(@Oguid+3, 75293, 36, 0, 0, 2, 0, 0, -63.0889, -797.013, 39.0067, 1.55334, 0, 0, 0.700908, 0.713252, 86400, 100, 1, 0),
(@Oguid+4, 75293, 36, 0, 0, 2, 0, 0, -209.206, -602.72, 19.3065, -0.139626, 0, 0, -0.0697563, 0.997564, 86400, 100, 1, 0),
(@Oguid+5, 75293, 36, 0, 0, 2, 0, 0, -77.7409, -788.596, 26.1097, 1.16937, 0, 0, 0.551937, 0.833886, 86400, 100, 1, 0),
(@Oguid+6, 75293, 36, 0, 0, 2, 0, 0, -312.046, -477.501, 49.5979, -1.55334, 0, 0, -0.700908, 0.713252, 86400, 100, 1, 0),
(@Oguid+8, 101831, 36, 0, 0, 6, 0, 0, -188.137, -460.313, 54.5591, 1.72787, 0, 0, 0.760405, 0.649449, 7200, 255, 1, 0),
(@Oguid+9, 208515, 36, 0, 0, 6, 0, 0, -14.7567, -389.097, 63.5901, 1.55334, 0, 0, 0.700909, 0.713251, 7200, 255, 1, 0),
(@Oguid+10, 208516, 36, 0, 0, 6, 0, 0, -14.7567, -389.097, 63.5901, 1.55334, 0, 0, 0.700909, 0.713251, 7200, 255, 1, 0),
(@Oguid+11, 207290, 36, 0, 0, 4, 0, 0, -205.186, -544.938, 54.5354, -1.5708, 0, 0, -0.707107, 0.707107, 7200, 255, 1, 0),
(@Oguid+12, 101833, 36, 0, 0, 6, 0, 0, -96.9277, -670.597, 7.40338, 1.90241, 0, 0, 0.814116, 0.580703, 7200, 255, 1, 0),
(@Oguid+13, 101834, 36, 0, 0, 6, 0, 0, -165.404, -576.924, 19.3064, -2.9845, 0, 0, -0.996917, 0.0784662, 7200, 255, 1, 0),
(@Oguid+14, 101832, 36, 0, 0, 6, 0, 0, -287.282, -539.877, 49.4321, 1.72787, 0, 0, 0.760405, 0.649449, 7200, 255, 1, 0),
(@Oguid+15, 207079, 36, 0, 0, 6, 0, 0, -210.984, -511.063, 50.8982, -3.00195, 0, 0, -0.997563, 0.0697663, 7200, 255, 1, 0),
(@Oguid+16, 207079, 36, 0, 0, 6, 0, 0, -205.415, -502.424, 52.0631, -0.104719, 0, 0, -0.0523357, 0.99863, 7200, 255, 1, 0),
(@Oguid+17, 207079, 36, 0, 0, 6, 0, 0, -219.762, -504.585, 50.4594, 0, 0, 0, 0, 1, 7200, 255, 1, 0),
(@Oguid+18, 207079, 36, 0, 0, 6, 0, 0, -236.092, -488.552, 49.4053, 3.00195, 0, 0, 0.997563, 0.0697663, 7200, 255, 1, 0),
(@Oguid+19, 207079, 36, 0, 0, 6, 0, 0, -197.436, -490.266, 53.8617, -1.90241, 0, 0, -0.814116, 0.580703, 7200, 255, 1, 0),
(@Oguid+20, 207079, 36, 0, 0, 6, 0, 0, -158.554, -530.83, 52.3817, 1.22173, 0, 0, 0.573576, 0.819152, 7200, 255, 1, 0),
(@Oguid+21, 207079, 36, 0, 0, 6, 0, 0, -221.563, -485.286, 48.9329, -1.27409, 0, 0, -0.594823, 0.803857, 7200, 255, 1, 0),
(@Oguid+22, 207079, 36, 0, 0, 6, 0, 0, -182.196, -502.55, 53.5372, 2.96704, 0, 0, 0.996194, 0.087165, 7200, 255, 1, 0),
(@Oguid+23, 207079, 36, 0, 0, 6, 0, 0, -158.422, -508.253, 53.4218, 0, 0, 0, 0, 1, 7200, 255, 1, 0),
(@Oguid+24, 207079, 36, 0, 0, 6, 0, 0, -156.175, -520.281, 52.3784, 2.04204, 0, 0, 0.85264, 0.522499, 7200, 255, 1, 0),
(@Oguid+25, 207079, 36, 0, 0, 6, 0, 0, -192.778, -505.63, 53.1919, 3.03684, 0, 0, 0.998629, 0.0523535, 7200, 255, 1, 0),
(@Oguid+26, 207079, 36, 0, 0, 6, 0, 0, -154.227, -529.694, 49.7548, -2.26892, 0, 0, -0.906307, 0.422619, 7200, 255, 1, 0),
(@Oguid+27, 207079, 36, 0, 0, 6, 0, 0, -150.311, -519.649, 52.8737, 0.698132, 0, 0, 0.34202, 0.939693, 7200, 255, 1, 0),
(@Oguid+28, 207079, 36, 0, 0, 6, 0, 0, -169.604, -509.63, 53.5638, -1.22173, 0, 0, -0.573576, 0.819152, 7200, 255, 1, 0),
(@Oguid+29, 207079, 36, 0, 0, 6, 0, 0, -179.665, -492.655, 54.3416, 0, 0, 0, 0, 1, 7200, 255, 1, 0),
(@Oguid+30, 207079, 36, 0, 0, 6, 0, 0, -149.149, -532.719, 49.8969, -1.27409, 0, 0, -0.594823, 0.803857, 7200, 255, 1, 0),
(@Oguid+31, 208002, 36, 0, 0, 6, 0, 0, -129.915, -788.898, 17.3409, 0.366518, 0, 0, 0.182235, 0.983255, 7200, 255, 1, 0),
(@Oguid+32, 208002, 36, 0, 0, 6, 0, 0, -64.1528, -385.99, 53.192, 1.85005, 0, 0, 0.798635, 0.601815, 7200, 255, 1, 0),
(@Oguid+33, 208002, 36, 0, 0, 6, 0, 0, -201.096, -606.05, 19.3022, 2.74016, 0, 0, 0.979924, 0.19937, 7200, 255, 1, 0),
(@Oguid+34, 208002, 36, 0, 0, 6, 0, 0, -305.321, -491.292, 49.232, 0.488691, 0, 0, 0.241921, 0.970296, 7200, 255, 1, 0),
(@Oguid+35, 1732, 36, 0, 0, 6, 0, 0, -134.418, -640.136, 16.6032, 1.309, 0, 0, 0.608761, 0.793354, 600, 100, 1, 0), -- 65535
(@Oguid+36, 1732, 36, 0, 0, 6, 0, 0, -234.677, -492.153, 51.5503, 2.05949, 0, 0, 0.857167, 0.515038, 600, 100, 1, 0), --
(@Oguid+37, 1731, 36, 0, 0, 6, 0, 0, -75.6958, -407.331, 56.1338, -1.93732, 0, 0, -0.824126, 0.566406, 600, 100, 1, 0), --
(@Oguid+38, 1731, 36, 0, 0, 6, 0, 0, -286.103, -577.582, 50.9829, -0.0698117, 0, 0, -0.0348988, 0.999391, 600, 100, 1, 0), --
(@Oguid+39, 1732, 36, 0, 0, 6, 0, 0, -127.871, -444.354, 57.161, 0.349065, 0, 0, 0.173648, 0.984808, 600, 100, 1, 0), --
(@Oguid+40, 3662, 36, 0, 0, 2, 0, 0, -43.7597, -733.648, 9.18536, 1.18682, 0, 0, 0.559193, 0.829038, 7200, 100, 1, 0),
(@Oguid+41, 19019, 36, 0, 0, 2, 0, 0, -200.774, -574.159, 20.9768, 0.767944, 0, 0, 0.374606, 0.927184, 7200, 100, 1, 0),
(@Oguid+42, 3662, 36, 0, 0, 2, 0, 0, -144.899, -891.56, 4.30954, 1.51844, 0, 0, 0.688354, 0.725375, 7200, 100, 1, 0),
(@Oguid+43, 75293, 36, 0, 0, 2, 0, 0, -104.089, -619.026, 14.3827, 2.79252, 0, 0, 0.984807, 0.173652, 7200, 100, 1, 0),
(@Oguid+44, 75293, 36, 0, 0, 2, 0, 0, -151.997, -533.563, 49.5133, 1.55334, 0, 0, 0.700909, 0.713251, 7200, 100, 1, 0),
(@Oguid+45, 3662, 36, 0, 0, 2, 0, 0, -103.57, -723.359, 8.49449, 0.698132, 0, 0, 0.34202, 0.939693, 7200, 100, 1, 0),
(@Oguid+46, 19019, 36, 0, 0, 2, 0, 0, -43.0481, -691.144, 4.21301, 2.94959, 0, 0, 0.995396, 0.0958513, 7200, 100, 1, 0),
(@Oguid+47, 19019, 36, 0, 0, 2, 0, 0, -209.953, -595.73, 20.9768, 1.16937, 0, 0, 0.551936, 0.833886, 7200, 100, 1, 0),
(@Oguid+48, 17153, 36, 0, 0, 6, 0, 0, -262.714, -482.361, 49.4353, -0.0174525, 0, 0, -0.00872612, 0.999962, 7200, 255, 1, 0),
(@Oguid+49, 123211, 36, 0, 0, 6, 0, 0, -205.973, -613.262, 19.4004, -0.104717, 0, 0, -0.0523348, 0.99863, 7200, 255, 1, 0),
(@Oguid+50, 123210, 36, 0, 0, 6, 0, 0, -205.805, -583.964, 20.9987, -1.58825, 0, 0, -0.71325, 0.70091, 7200, 255, 1, 0),
(@Oguid+51, 123209, 36, 0, 0, 6, 0, 0, -201.043, -579.374, 20.9987, -0.0174525, 0, 0, -0.00872612, 0.999962, 7200, 255, 1, 0),
(@Oguid+52, 123208, 36, 0, 0, 6, 0, 0, -210.428, -579.201, 20.9987, 3.12412, 0, 0, 0.999962, 0.00873456, 7200, 255, 1, 0),
(@Oguid+53, 123207, 36, 0, 0, 6, 0, 0, -205.664, -574.581, 20.9987, 1.55334, 0, 0, 0.700909, 0.713251, 7200, 255, 1, 0),
(@Oguid+54, 16399, 36, 0, 0, 4, 0, 0, -168.514, -579.861, 19.3159, 3.12412, 0, 0, 0.999962, 0.00873456, 7200, 255, 1, 0),
(@Oguid+55, 16398, 36, 0, 0, 6, 0, 0, -107.562, -659.674, 7.21211, -0.890292, -0.00222349, 0.0110998, -0.430507, 0.902516, 7200, 255, 1, 0),
(@Oguid+56, 16400, 36, 0, 0, 6, 0, 0, -290.294, -536.96, 49.4353, 1.55334, 0, 0, 0.700909, 0.713251, 7200, 255, 1, 0),
(@Oguid+57, 123212, 36, 0, 0, 6, 0, 0, -196.417, -610.981, 19.4004, -2.02458, 0, 0, -0.848047, 0.529921, 7200, 255, 1, 0),
(@Oguid+58, 123213, 36, 0, 0, 6, 0, 0, -196.491, -605.381, 19.4004, 1.64061, 0, 0, 0.731353, 0.681999, 7200, 255, 1, 0),
(@Oguid+59, 17154, 36, 0, 0, 6, 0, 0, -242.965, -578.561, 51.1366, 3.12412, 0, 0, 0.999962, 0.00873456, 7200, 255, 1, 0),
(@Oguid+60, 16399, 36, 0, 0, 2, 0, 0, -168.514, -579.861, 19.3159, 3.12414, 0, 0, 0.999962, 0.0087262, 43200, 100, 1, 0),
(@Oguid+61, 187235, 36, 0, 0, 6, 0, 0, -75.4167, -826.026, 40.1773, 6.07375, 0, 0, -0.104528, 0.994522, 300, 255, 1, 0), --
(@Oguid+62, 187235, 36, 0, 0, 6, 0, 0, -27.9983, -830.658, 24.1006, 5.75959, 0, 0, -0.258819, 0.965926, 300, 255, 1, 0), --
(@Oguid+63, 187235, 36, 0, 0, 6, 0, 0, -116.594, -830.503, 20.9212, 3.80482, 0, 0, -0.945518, 0.325568, 300, 255, 1, 0), --
(@Oguid+64, 187235, 36, 0, 0, 6, 0, 0, -130.38, -785.007, 17.5194, 5.35816, 0, 0, -0.446198, 0.894934, 300, 255, 1, 0), --
(@Oguid+65, 187235, 36, 0, 0, 6, 0, 0, -35.7344, -794.68, 39.3818, 3.47321, 0, 0, -0.986285, 0.16505, 300, 255, 1, 0), --
(@Oguid+66, 187235, 36, 0, 0, 6, 0, 0, -98.092, -796.042, 21.1539, 2.16421, 0, 0, 0.882947, 0.469473, 300, 255, 1, 0), --
(@Oguid+67, 187235, 36, 0, 0, 6, 0, 0, -99.5816, -843.132, 21.1552, 4.27606, 0, 0, -0.843391, 0.5373, 300, 255, 1, 0), --
(@Oguid+68, 187235, 36, 0, 0, 6, 0, 0, -75.1076, -813.993, 40.1856, 0.209439, 0, 0, 0.104528, 0.994522, 300, 255, 1, 0), --
(@Oguid+69, 187235, 36, 0, 0, 6, 0, 0, -87.7135, -792.007, 21.3973, 1.91986, 0, 0, 0.819152, 0.573577, 300, 255, 1, 0), --
(@Oguid+70, 187235, 36, 0, 0, 6, 0, 0, -70.658, -780.273, 26.071, 3.47321, 0, 0, -0.986285, 0.16505, 300, 255, 1, 0), --
(@Oguid+71, 187235, 36, 0, 0, 6, 0, 0, -51.1875, -849.135, 22.8147, 4.97419, 0, 0, -0.608761, 0.793354, 300, 255, 1, 0), --
(@Oguid+72, 187235, 36, 0, 0, 6, 0, 0, -109.443, -791.79, 28.2624, 0.0349062, 0, 0, 0.0174522, 0.999848, 300, 255, 1, 0), --
(@Oguid+73, 187235, 36, 0, 0, 6, 0, 0, -109.233, -837.198, 20.9996, 4.06662, 0, 0, -0.894934, 0.446199, 300, 255, 1, 0), --
(@Oguid+74, 3705, 36, 0, 0, 2, 0, 0, -89.3315, -682.574, 7.42373, 3.64774, 0, 0, -0.968147, 0.250381, 7200, 255, 1, 0),
(@Oguid+75, 3705, 36, 0, 0, 2, 0, 0, -144.899, -891.56, 4.30954, 1.51844, 0, 0, 0.688354, 0.725375, 7200, 255, 1, 0),
(@Oguid+76, 16397, 36, 0, 0, 6, 0, 0, -100.502, -668.771, 7.41049, 1.81514, 0, 0, 0.78801, 0.615662, 180, 255, 1, 0),
(@Oguid+77, 13965, 36, 0, 0, 6, 0, 0, -191.414, -457.446, 54.4391, 1.69297, 0, 0, 0.748956, 0.66262, 180, 255, 1, 0);

DELETE FROM `game_event_gameobject` WHERE `guid` BETWEEN @Oguid+61 AND @Oguid+73 AND `eventEntry`=2;
INSERT INTO `game_event_gameobject` SELECT 2, gameobject.guid FROM `gameobject` WHERE gameobject.guid BETWEEN @Oguid+61 AND @Oguid+73;

SET @Cguid:= 375811;
DELETE FROM `creature` WHERE `map`=36;
DELETE FROM `creature` WHERE `guid` BETWEEN @Cguid+0 AND @Cguid+430;
INSERT INTO `creature` (`guid`, `id`, `map`, `zoneId`, `areaId`, `spawnMask`, `PhaseId`, `PhaseGroup`, `modelid`, `equipment_id`, `position_x`, `position_y`, `position_z`, `orientation`, `spawntimesecs`, `spawndist`, `currentwaypoint`, `curhealth`, `curmana`, `MovementType`, `npcflag`, `unit_flags`, `dynamicflags`, `VerifiedBuild`) VALUES
(@CGUID+0,   4075, 36, 0, 0, 6, 0, 0, 1418, 0, -102.851, -787.181, 16.952, 5.31885, 7200, 0, 0, 8, 0, 2, 0, 0, 0, 0), -- 127
(@CGUID+1,   4075, 36, 0, 0, 6, 0, 0, 1418, 0, -205.921, -428.379, 54.5232, 2.9596, 7200, 0, 0, 8, 0, 0, 0, 0, 0, 0),
(@CGUID+2,   4075, 36, 0, 0, 6, 0, 0, 1141, 0, -112.585, -386.28, 57.1845, 0.0346062, 7200, 0, 0, 8, 0, 2, 0, 0, 0, 0), -- 126
(@CGUID+3,   4075, 36, 0, 0, 6, 0, 0, 1418, 0, -68.713, -405.519, 54.8365, 0.68601, 7200, 0, 0, 8, 0, 2, 0, 0, 0, 0), -- 125
(@CGUID+4,   4075, 36, 0, 0, 6, 0, 0, 2176, 0, -120.65, -642.223, 11.7238, 2.70965, 7200, 0, 0, 8, 0, 2, 0, 0, 0, 0), -- 124
(@CGUID+5,   4075, 36, 0, 0, 6, 0, 0, 1418, 0, -119.45, -414.621, 58.2127, 6.23633, 7200, 0, 0, 8, 0, 0, 0, 0, 0, 0),
(@CGUID+6,   4075, 36, 0, 0, 6, 0, 0, 2176, 0, -304.125, -592.91, 47.7657, 0.976182, 7200, 0, 0, 8, 0, 2, 0, 0, 0, 0), -- 123
(@CGUID+7,   48420, 36, 0, 0, 6, 0, 0, 2441, 1, -285.055, -604.104, 49.285, 5.283573, 7200, 0, 0, 300, 0, 0, 0, 0, 0, 0),
(@CGUID+8,   48280, 36, 0, 0, 6, 0, 0, 7110, 0, -206.177, -608.375, 29.0938, 3.49066, 7200, 0, 0, 984, 0, 0, 0, 0, 0, 0),
(@CGUID+9,   48419, 36, 0, 0, 6, 0, 0, 2444, 1, -270.012, -585.599, 50.186, 6.00393, 7200, 0, 0, 300, 0, 0, 0, 0, 0, 0), -- 122 -- 
(@CGUID+10,  48280, 36, 0, 0, 6, 0, 0, 7110, 0, -206.753, -554.3, 51.3129, 5.13127, 7200, 0, 0, 984, 0, 0, 0, 0, 0, 0),
(@CGUID+11,  48280, 36, 0, 0, 6, 0, 0, 7110, 0, -235.134, -569.219, 19.3898, 5.18363, 7200, 0, 0, 984, 0, 0, 0, 0, 0, 0),
(@CGUID+12,  48419, 36, 0, 0, 6, 0, 0, 2444, 1, -295.143, -607.005,47.6168,4.813607, 7200, 0, 0, 300, 0, 0, 0, 0, 0, 0), -- 121 -- 
(@CGUID+13,  48419, 36, 0, 0, 6, 0, 0, 2444, 1, -282.567, -601.632, 50.343, 4.943196, 7200, 0, 0, 300, 0, 0, 0, 0, 0, 0), -- 120 -- 
(@CGUID+14,  48439, 36, 0, 0, 6, 0, 0, 7109, 1, -214.366, -587.153, 21.0601, 6.24828, 7200, 0, 0, 984, 0, 0, 0, 0, 0, 0),
(@CGUID+15,  48439, 36, 0, 0, 6, 0, 0, 7109, 1, -198.247, -571.009, 21.0601, 3.52556, 7200, 0, 0, 984, 0, 0, 0, 0, 0, 0),
(@CGUID+16,  48419, 36, 0, 0, 6, 0, 0, 2444, 1, -267.22, -573.174, 50.7612, 1.97222, 7200, 0, 0, 300, 0, 0, 0, 0, 0, 0),
(@CGUID+17,  47282, 36, 0, 0, 6, 0, 0, 11686, 0, -181.766, -416.976, 54.7594, 0, 7200, 0, 0, 42, 0, 0, 0, 0, 0, 0),
(@CGUID+18,  47284, 36, 0, 0, 6, 0, 0, 11686, 0, -181.127, -423.819, 54.8461, 0, 7200, 0, 0, 42, 0, 0, 0, 0, 0, 0),
(@CGUID+19,  47284, 36, 0, 0, 6, 0, 0, 11686, 0, -187.719, -440.285, 53.5591, 0, 7200, 0, 0, 42, 0, 0, 0, 0, 0, 0),
(@CGUID+20,  47282, 36, 0, 0, 6, 0, 0, 11686, 0, -183.901, -430.757, 54.2875, 0, 7200, 0, 0, 42, 0, 0, 0, 0, 0, 0),
(@CGUID+21,  47284, 36, 0, 0, 6, 0, 0, 11686, 0, -196.948, -427.533, 54.2706, 0, 7200, 0, 0, 42, 0, 0, 0, 0, 0, 0),
(@CGUID+22,  47282, 36, 0, 0, 6, 0, 0, 11686, 0, -203.391, -431.139, 54.4389, 0, 7200, 0, 0, 42, 0, 0, 0, 0, 0, 0),
(@CGUID+23,  47242, 36, 0, 0, 6, 0, 0, 11686, 0, -176.377, -440.444, 55.2961, 0.553008, 7200, 0, 0, 42, 0, 2, 0, 0, 0, 0), -- 119
(@CGUID+24,  47284, 36, 0, 0, 6, 0, 0, 11686, 0, -181.012, -456.194, 54.7731, 0, 7200, 0, 0, 42, 0, 0, 0, 0, 0, 0),
(@CGUID+25,  45979, 36, 0, 0, 6, 0, 0, 11686, 0, -194.476, -433.931, 53.5273, 4.85202, 7200, 0, 0, 77490, 0, 0, 0, 0, 0, 0),
(@CGUID+26,  47242, 36, 0, 0, 6, 0, 0, 11686, 0, -186.178, -435.354, 65.2601, 3.39465, 7200, 0, 0, 42, 0, 2, 0, 0, 0, 0), -- 118
(@CGUID+27,  45979, 36, 0, 0, 6, 0, 0, 11686, 0, -64.2552, -820.245, 41.2374, 0, 7200, 0, 0, 77490, 0, 0, 0, 0, 0, 0),
(@CGUID+28,  47242, 36, 0, 0, 6, 0, 0, 11686, 0, -205.2, -561.354, 21.0601, 0, 7200, 0, 0, 42, 0, 0, 0, 0, 0, 0),
(@CGUID+29,  47242, 36, 0, 0, 6, 0, 0, 11686, 0, -211.88, -568.484, 23.0489, 0, 7200, 0, 0, 42, 0, 0, 0, 0, 0, 0),
(@CGUID+30,  47242, 36, 0, 0, 6, 0, 0, 11686, 0, -208.552, -568.122, 25.2074, 0, 7200, 0, 0, 42, 0, 0, 0, 0, 0, 0),
(@CGUID+31,  47242, 36, 0, 0, 6, 0, 0, 11686, 0, -208.259, -567.292, 21.0601, 0, 7200, 0, 0, 42, 0, 0, 0, 0, 0, 0),
(@CGUID+32,  47242, 36, 0, 0, 6, 0, 0, 11686, 0, -218.965, -565.441, 21.0601, 0, 7200, 0, 0, 42, 0, 0, 0, 0, 0, 0),
(@CGUID+33,  47242, 36, 0, 0, 6, 0, 0, 11686, 0, -200.03, -565.434, 21.0601, 0, 7200, 0, 0, 42, 0, 0, 0, 0, 0, 0),
(@CGUID+34,  43778, 36, 0, 0, 6, 0, 0, 35606, 0, -209.837, -568.622, 21.0601, 1.97222, 86400, 0, 0, 10680, 100, 0, 0, 0, 0, 0), -- 117
(@CGUID+35,  47242, 36, 0, 0, 6, 0, 0, 11686, 0, -202.276, -571.061, 21.0601, 0, 7200, 0, 0, 42, 0, 0, 0, 0, 0, 0),
(@CGUID+36,  47242, 36, 0, 0, 6, 0, 0, 11686, 0, -208.491, -576.698, 27.9501, 0, 7200, 0, 0, 42, 0, 0, 0, 0, 0, 0),
(@CGUID+37,  47242, 36, 0, 0, 6, 0, 0, 11686, 0, -212.122, -570.392, 26.4326, 0, 7200, 0, 0, 42, 0, 0, 0, 0, 0, 0),
(@CGUID+38,  45979, 36, 0, 0, 6, 0, 0, 11686, 0, -289.809, -527.215, 49.8021, 1.62316, 7200, 0, 0, 77490, 0, 0, 0, 0, 0, 0),
(@CGUID+39,  45979, 36, 0, 0, 6, 0, 0, 11686, 0, -289.587, -489.575, 49.9126, 4.71239, 7200, 0, 0, 77490, 0, 0, 0, 0, 0, 0),
(@CGUID+40,  47297, 36, 0, 0, 6, 0, 0, 33003, 1, -302.361, -516.346, 52.0315, 0.174533, 7200, 0, 0, 7120, 0, 0, 0, 0, 0, 0),
(@CGUID+41,  45979, 36, 0, 0, 6, 0, 0, 11686, 0, -289.16, -505.155, 50.0993, 0, 7200, 0, 0, 77490, 0, 0, 0, 0, 0, 0),
(@CGUID+42,  47677, 36, 0, 0, 6, 0, 0, 11686, 0, -63.7604, -820.811, 41.2875, 0, 7200, 0, 0, 42, 0, 0, 0, 0, 0, 0),
(@CGUID+43,  47626, 36, 0, 0, 6, 0, 0, 35739, 0, -62.3434, -822.814, 42.8083, 1.1835, 86400, 0, 0, 8900, 0, 2, 0, 0, 0, 0),  -- 115
(@CGUID+44,  48230, 36, 0, 0, 6, 0, 0, 10704, 0, -115.373, -431.387, 54.9933, 3.59538, 7200, 5, 0, 1312, 0, 1, 0, 0, 0, 0),
(@CGUID+45,  48229, 36, 0, 0, 6, 0, 0, 373, 1, -175.089, -400.432, 57.5112, 2.46091, 7200, 0, 0, 300, 0, 0, 0, 0, 0, 0), -- 114
(@CGUID+46,  45979, 36, 0, 0, 6, 0, 0, 11686, 0, -179.307, -415.161, 55.0199, 0, 7200, 0, 0, 77490, 0, 0, 0, 0, 0, 0),
(@CGUID+47,  48229, 36, 0, 0, 6, 0, 0, 373, 1, -105.993, -403.417, 59.9879, 4.71239, 7200, 0, 0, 300, 0, 0, 0, 0, 0, 0),
(@CGUID+48,  48229, 36, 0, 0, 6, 0, 0, 373, 1, -108.866, -426.997, 55.5585, 1.3439, 7200, 0, 0, 300, 0, 0, 0, 0, 0, 0),
(@CGUID+49,  48446, 36, 0, 0, 6, 0, 0, 36147, 0, -90.3924, -375.684, 58.0291, 0, 7200, 0, 0, 42, 0, 0, 0, 0, 0, 0),
(@CGUID+50,  48229, 36, 0, 0, 6, 0, 0, 373, 1, -140.661, -409.825, 58.8828, 3.735, 7200, 0, 0, 300, 0, 0, 0, 0, 0, 0),
(@CGUID+51,  48262, 36, 0, 0, 6, 0, 0, 37382, 1, -185.094, -428.71, 54.1505, 2.54818, 7200, 0, 0, 1968, 0, 0, 0, 0, 0, 0),
(@CGUID+52,  48229, 36, 0, 0, 6, 0, 0, 373, 1, -97.0885, -391.076, 59.0574, 0.837758, 7200, 0, 0, 300, 0, 0, 0, 0, 0, 0),
(@CGUID+53,  48229, 36, 0, 0, 6, 0, 0, 373, 1, -148.8, -406.87, 57.6224, 3.87463, 7200, 0, 0, 300, 0, 0, 0, 0, 0, 0),
(@CGUID+54,  48279, 36, 0, 0, 6, 0, 0, 36134, 0, -151.997, -518.648, 52.7741, 0.593412, 7200, 0, 0, 1640, 0, 0, 0, 0, 0, 0),
(@CGUID+55,  48279, 36, 0, 0, 6, 0, 0, 36135, 0, -159.293, -507.467, 53.403, 0.226893, 7200, 0, 0, 1640, 0, 0, 0, 0, 0, 0),
(@CGUID+56,  48445, 36, 0, 0, 6, 0, 0, 30261, 1, -257.077, -486.376221, 49.43986, 0.0192855, 7200, 0, 0, 1806, 326, 0, 0, 0, 0, 0),
(@CGUID+57,  48440, 36, 0, 0, 6, 0, 0, 30184, 1, -157.717, -520.205, 52.495, 2.30383, 7200, 0, 0, 300, 100, 0, 0, 0, 0, 0), -- 113
(@CGUID+58,  48279, 36, 0, 0, 6, 0, 0, 36135, 0, -186.094, -496.744, 53.4963, 1.77017, 7200, 0, 0, 1640, 0, 0, 0, 0, 0, 0),
(@CGUID+59,  48502, 36, 0, 0, 6, 0, 0, 36165, 1, -131.684, -602.8, 15.7192, 1.65806, 7200, 0, 0, 1312, 0, 0, 0, 0, 0, 0),
(@CGUID+60,  48505, 36, 0, 0, 6, 0, 0, 184, 1, -135.177, -633.656, 14.5447, 1.23918, 7200, 0, 0, 1312, 100, 0, 0, 0, 0, 0), -- 112
(@CGUID+61,  48502, 36, 0, 0, 6, 0, 0, 36165, 1, -144.295, -575.267, 19.1305, 3.40339, 7200, 0, 0, 1312, 0, 0, 0, 0, 0, 0),
(@CGUID+62,  48417, 36, 0, 0, 6, 0, 0, 36164, 1, -138.802, -578.325, 18.572, 3.10669, 7200, 0, 0, 1140, 1580, 0, 0, 0, 0, 0),
(@CGUID+63,  45979, 36, 0, 0, 6, 0, 0, 11686, 0, -106.967, -660.372, 7.50513, 0, 7200, 0, 0, 77490, 0, 0, 0, 0, 0, 0),
(@CGUID+64,  48502, 36, 0, 0, 6, 0, 0, 36165, 1, -143.554, -582.24, 18.8237, 2.9147, 7200, 0, 0, 1312, 0, 0, 0, 0, 0, 0),
(@CGUID+65,  48505, 36, 0, 0, 6, 0, 0, 210, 1, -127.726, -602.797, 16.1609, 1.93731, 7200, 0, 0, 1312, 100, 0, 0, 0, 0, 0), -- 111
(@CGUID+66,  48502, 36, 0, 0, 6, 0, 0, 36167, 1, -133.95, -629.488, 14.1015, 1.79769, 7200, 0, 0, 1312, 0, 0, 0, 0, 0, 0),
(@CGUID+67,  48417, 36, 0, 0, 6, 0, 0, 36163, 1, -129.417, -633.34, 13.2763, 1.78024, 7200, 0, 0, 1140, 1580, 0, 0, 0, 0, 0),
(@CGUID+68,  48502, 36, 0, 0, 6, 0, 0, 36166, 1, -128.217, -627.396, 13.4368, 2.19912, 7200, 0, 0, 1312, 0, 0, 0, 0, 0, 0),
(@CGUID+69,  48521, 36, 0, 0, 6, 0, 0, 2349, 1, -122.405, -794.535, 16.9422, 1.53589, 7200, 0, 0, 1204, 1580, 0, 0, 0, 0, 0),
(@CGUID+70,  48521, 36, 0, 0, 6, 0, 0, 2350, 1, -58.66, -782.222, 17.978, 3.0539, 7200, 0, 0, 1204, 1580, 2, 0, 0, 0, 0), -- 110
(@CGUID+71,  45979, 36, 0, 0, 6, 0, 0, 11686, 0, -12.0556, -740.252, 9.10946, 0, 7200, 0, 0, 77490, 0, 0, 0, 0, 0, 0),
(@CGUID+72,  45979, 36, 0, 0, 6, 0, 0, 11686, 0, 0.512153, -768.229, 9.80134, 0, 7200, 0, 0, 77490, 0, 0, 0, 0, 0, 0),
(@CGUID+73,  48521, 36, 0, 0, 6, 0, 0, 2349, 1, -121.389, -832.83, 17.0271, 4.06662, 7200, 0, 0, 1204, 1580, 0, 0, 0, 0, 0),
(@CGUID+74,  48522, 36, 0, 0, 6, 0, 0, 2348, 1, -29.5, -846.29, 19.3106, 3.56047, 7200, 0, 0, 1312, 0, 0, 0, 0, 0, 0),
(@CGUID+75,  45979, 36, 0, 0, 6, 0, 0, 11686, 0, -49.3264, -730.056, 9.32048, 0, 7200, 0, 0, 77490, 0, 0, 0, 0, 0, 0),
(@CGUID+76,  45979, 36, 0, 0, 6, 0, 0, 11686, 0, -30.6337, -727.731, 8.52102, 0, 7200, 0, 0, 77490, 0, 0, 0, 0, 0, 0),
(@CGUID+77,  48446, 36, 0, 0, 6, 0, 0, 36147, 0, -72.559, -731.221, 8.5869, 0, 7200, 0, 0, 42, 0, 0, 0, 0, 0, 0),
(@CGUID+78,  48522, 36, 0, 0, 6, 0, 0, 2348, 1, -31.9462, -845.813, 19.1758, 6.17846, 7200, 0, 0, 1312, 0, 0, 0, 0, 0, 0),
(@CGUID+79,  48284, 36, 0, 0, 6, 0, 0, 36085, 0, -96.1215, -662.59, 7.49677, 0, 7200, 0, 0, 3, 0, 0, 0, 0, 0, 0),
(@CGUID+80,  48284, 36, 0, 0, 6, 0, 0, 36085, 0, -117.422, -412.74, 58.5219, 0, 7200, 0, 0, 3, 0, 0, 0, 0, 0, 0),
(@CGUID+81,  48284, 36, 0, 0, 6, 0, 0, 36085, 0, -149.915, -524.575, 52.2205, 0, 7200, 0, 0, 3, 0, 0, 0, 0, 0, 0),
(@CGUID+82,  48284, 36, 0, 0, 6, 0, 0, 36085, 0, -150.373, -533.181, 49.6118, 0, 7200, 0, 0, 3, 0, 0, 0, 0, 0, 0),
(@CGUID+83,  48284, 36, 0, 0, 6, 0, 0, 36085, 0, -192.785, -495.118, 53.5662, 0, 7200, 0, 0, 3, 0, 0, 0, 0, 0, 0),
(@CGUID+84,  48284, 36, 0, 0, 6, 0, 0, 36085, 0, -158.859, -533.128, 52.419, 0, 7200, 0, 0, 3, 0, 0, 0, 0, 0, 0),
(@CGUID+85,  48284, 36, 0, 0, 6, 0, 0, 36085, 0, -109.484, -621.764, 14.7253, 0, 7200, 0, 0, 3, 0, 0, 0, 0, 0, 0),
(@CGUID+86,  48284, 36, 0, 0, 6, 0, 0, 36085, 0, -153.231, -532.743, 49.6474, 0, 7200, 0, 0, 3, 0, 0, 0, 0, 0, 0),
(@CGUID+87,  48284, 36, 0, 0, 6, 0, 0, 36085, 0, -154.483, -532.689, 49.8082, 0, 7200, 0, 0, 3, 0, 0, 0, 0, 0, 0),
(@CGUID+88,  48284, 36, 0, 0, 6, 0, 0, 36085, 0, -146.743, -586.997, 18.936, 0, 7200, 0, 0, 3, 0, 0, 0, 0, 0, 0),
(@CGUID+89,  48280, 36, 0, 0, 6, 0, 0, 7110, 0, -203, -589.443, 21.0601, 4.01426, 7200, 0, 0, 984, 0, 0, 0, 0, 0, 0),
(@CGUID+90,  48280, 36, 0, 0, 6, 0, 0, 7110, 0, -222.319, -561.106, 19.3898, 2.35619, 7200, 0, 0, 984, 0, 0, 0, 0, 0, 0),
(@CGUID+91,  48418, 36, 0, 0, 6, 0, 0, 36139, 1, -304.667, -587.62, 47.665, 4.24907, 7200, 5, 0, 1140, 1580, 1, 0, 0, 0, 0),
(@CGUID+92,  48439, 36, 0, 0, 6, 0, 0, 7109, 1, -228.839, -561.601, 51.3129, 3.45575, 7200, 0, 0, 984, 0, 0, 0, 0, 0, 0),
(@CGUID+93,  48420, 36, 0, 0, 6, 0, 0, 2441, 1, -286.096, -592.7, 49.809, 1.880441, 7200, 0, 0, 300, 0, 0, 0, 0, 0, 0),
(@CGUID+94,  48421, 36, 0, 0, 6, 0, 0, 2316, 1,  -303.453, -609.116, 47.72813, 3.403392, 7200, 0, 0, 984, 0, 0, 0, 0, 0, 0),
(@CGUID+95,  48419, 36, 0, 0, 6, 0, 0, 308, 1, -282.78, -557.547, 49.3715, 6.23082, 7200, 0, 0, 300, 0, 0, 0, 0, 0, 0),
(@CGUID+96,  48419, 36, 0, 0, 6, 0, 0, 2444, 1, -303.998, -579.311, 48.0751, 2.334103, 7200, 0, 0, 300, 0, 0, 0, 0, 0, 0), -- 109 -- 
(@CGUID+97,  48280, 36, 0, 0, 6, 0, 0, 7110, 0, -234.089, -587.472, 19.3898, 3.59538, 7200, 0, 0, 984, 0, 0, 0, 0, 0, 0),
(@CGUID+98,  48280, 36, 0, 0, 6, 0, 0, 7110, 0, -185.151, -559.092, 19.3898, 3.07178, 7200, 0, 0, 984, 0, 0, 0, 0, 0, 0),
(@CGUID+99,  47242, 36, 0, 0, 6, 0, 0, 11686, 0, -204.636, -442.863, 54.1788, 1.50488, 7200, 0, 0, 42, 0, 2, 0, 0, 0, 0), -- 108
(@CGUID+100, 47282, 36, 0, 0, 6, 0, 0, 11686, 0, -189.061, -422.387, 54.1955, 0, 7200, 0, 0, 42, 0, 0, 0, 0, 0, 0),
(@CGUID+101, 47242, 36, 0, 0, 6, 0, 0, 11686, 0, -199.15, -434.636, 65.1862, 1.43509, 7200, 0, 0, 42, 0, 2, 0, 0, 0, 0), -- 107
(@CGUID+102, 47282, 36, 0, 0, 6, 0, 0, 11686, 0, -190.347, -431.764, 53.7694, 0, 7200, 0, 0, 42, 0, 0, 0, 0, 0, 0),
(@CGUID+103, 47282, 36, 0, 0, 6, 0, 0, 11686, 0, -214.543, -441.151, 54.6617, 0, 7200, 0, 0, 42, 0, 0, 0, 0, 0, 0),
(@CGUID+104, 45979, 36, 0, 0, 6, 0, 0, 11686, 0, -193.269, -442.016, 53.7124, 1.69297, 7200, 0, 0, 77490, 0, 0, 0, 0, 0, 0),
(@CGUID+105, 47242, 36, 0, 0, 6, 0, 0, 11686, 0, -178.859, -427.351, 63.6494, 5.50465, 7200, 0, 0, 42, 0, 2, 0, 0, 0, 0), -- 106
(@CGUID+106, 47284, 36, 0, 0, 6, 0, 0, 11686, 0, -207.479, -441.516, 54.0559, 0, 7200, 0, 0, 42, 0, 0, 0, 0, 0, 0),
(@CGUID+107, 47282, 36, 0, 0, 6, 0, 0, 11686, 0, -211.063, -463.714, 54.0187, 0, 7200, 0, 0, 42, 0, 0, 0, 0, 0, 0),
(@CGUID+108, 47282, 36, 0, 0, 6, 0, 0, 11686, 0, -204.993, -456.09, 54.2894, 0, 7200, 0, 0, 42, 0, 0, 0, 0, 0, 0),
(@CGUID+109, 45979, 36, 0, 0, 6, 0, 0, 11686, 0, -211.771, -564.958, 21.0601, 1.8675, 7200, 0, 0, 77490, 0, 0, 0, 0, 0, 0),
(@CGUID+110, 47242, 36, 0, 0, 6, 0, 0, 11686, 0, -209.266, -569.715, 27.3194, 0, 7200, 0, 0, 42, 0, 0, 0, 0, 0, 0),
(@CGUID+111, 47242, 36, 0, 0, 6, 0, 0, 11686, 0, -216.793, -571.972, 21.0601, 0, 7200, 0, 0, 42, 0, 0, 0, 0, 0, 0),
(@CGUID+112, 47242, 36, 0, 0, 6, 0, 0, 11686, 0, -206.163, -568.849, 24.6352, 0, 7200, 0, 0, 42, 0, 0, 0, 0, 0, 0),
(@CGUID+113, 48229, 36, 0, 0, 6, 0, 0, 373, 1, -169.663, -407.125, 57.6002, 5.88176, 7200, 0, 0, 300, 0, 0, 0, 0, 0, 0), -- 105
(@CGUID+114, 48230, 36, 0, 0, 6, 0, 0, 10704, 0, -168.764, -401.113, 57.2797, 0.610865, 7200, 0, 0, 1312, 0, 0, 0, 0, 0, 0), -- none
(@CGUID+115, 48229, 36, 0, 0, 6, 0, 0, 373, 1, -123.439, -392.214, 58.795, 2.47837, 7200, 0, 0, 300, 0, 0, 0, 0, 0, 0), -- 104
(@CGUID+116, 48229, 36, 0, 0, 6, 0, 0, 373, 1, -140.064, -399.931, 58.3888, 1.5708, 7200, 0, 0, 300, 0, 0, 0, 0, 0, 0),
(@CGUID+117, 48229, 36, 0, 0, 6, 0, 0, 373, 1, -163.722, -402.238, 57.0364, 5.446437, 7200, 0, 0, 300, 0, 0, 0, 0, 0, 0), -- 103
(@CGUID+118, 48230, 36, 0, 0, 6, 0, 0, 10704, 0, -135.946, -405.498, 58.1496, 3.00197, 7200, 5, 0, 1312, 0, 1, 0, 0, 0, 0),
(@CGUID+119, 48262, 36, 0, 0, 6, 0, 0, 37382, 1, -190.826, -425.172, 54.1097, 5.89921, 7200, 0, 0, 1968, 0, 0, 0, 0, 0, 0),
(@CGUID+120, 48230, 36, 0, 0, 6, 0, 0, 10704, 0, -126.363, -392.281, 58.8804, 0.855211, 7200, 0, 0, 1312, 0, 0, 0, 0, 0, 0),
(@CGUID+121, 48230, 36, 0, 0, 6, 0, 0, 10704, 0, -97.5538, -398.875, 58.4307, 2.56563, 7200, 5, 0, 1312, 0, 1, 0, 0, 0, 0),
(@CGUID+122, 48266, 36, 0, 0, 6, 0, 0, 21788, 0, -122.925, -388.813, 59.0769, 0.401426, 7200, 0, 0, 328, 0, 0, 0, 0, 0, 0),
(@CGUID+123, 48445, 36, 0, 0, 6, 0, 0, 30262, 1, -275.003, -519.023, 49.9407, 0.698132, 7200, 0, 0, 1806, 326, 0, 0, 0, 0, 0), -- 102
(@CGUID+124, 48351, 36, 0, 0, 6, 0, 0, 36120, 0, -210.811, -502.945, 51.3915, 2.51883, 7200, 0, 0, 1312, 0, 2, 0, 0, 0, 0), -- 101
(@CGUID+125, 48440, 36, 0, 0, 6, 0, 0, 30184, 1, -147.781, -532.668, 50.3866, 5.8294, 7200, 0, 0, 300, 100, 0, 0, 0, 0, 0), -- 100
(@CGUID+126, 48278, 36, 0, 0, 6, 0, 0, 30187, 1, -205.488, -501.338, 52.1324, 1.152725, 7200, 0, 0, 300, 100, 0, 0, 0, 0, 0), -- 99
(@CGUID+127, 48441, 36, 0, 0, 6, 0, 0, 30186, 1, -197.078, -491.455, 53.95, 3.648228, 7200, 0, 0, 300, 100, 0, 0, 0, 0, 0), -- 98
(@CGUID+128, 48279, 36, 0, 0, 6, 0, 0, 36133, 0, -156.708, -519.698, 52.5334, 3.9968, 7200, 0, 0, 1640, 0, 0, 0, 0, 0, 0),
(@CGUID+129, 48278, 36, 0, 0, 6, 0, 0, 30187, 1, -179.098, -492.231, 54.4337, 0.0838069, 7200, 0, 0, 300, 100, 0, 0, 0, 0, 0), -- 97
(@CGUID+130, 48279, 36, 0, 0, 6, 0, 0, 36132, 0, -221.134, -488.538, 48.7575, 1.44862, 7200, 0, 0, 1640, 0, 0, 0, 0, 0, 0),
(@CGUID+131, 48441, 36, 0, 0, 6, 0, 0, 30186, 1, -183.823, -503.42, 53.3411, 4.812, 7200, 0, 0, 300, 100, 0, 0, 0, 0, 0),
(@CGUID+132, 48505, 36, 0, 0, 6, 0, 0, 210, 1, -136.177, -603.12, 15.8018, 1.36136, 7200, 0, 0, 1312, 100, 0, 0, 0, 0, 0), -- 96
(@CGUID+133, 48505, 36, 0, 0, 6, 0, 0, 184, 1, -110.326, -617.406, 13.6003, 3.10669, 7200, 0, 0, 1312, 100, 0, 0, 0, 0, 0), -- 95
(@CGUID+134, 48522, 36, 0, 0, 6, 0, 0, 2348, 1, -48.3003, -852.727, 18.4557, 5.39307, 7200, 0, 0, 1312, 0, 0, 0, 0, 0, 0), -- 94
(@CGUID+135, 45979, 36, 0, 0, 6, 0, 0, 11686, 0, -88.4253, -724.722, 8.67503, 0, 7200, 0, 0, 77490, 0, 0, 0, 0, 0, 0),
(@CGUID+136, 48522, 36, 0, 0, 6, 0, 0, 2348, 1, -103.72, -846.056, 17.1134, 3.07178, 7200, 0, 0, 1312, 0, 0, 0, 0, 0, 0),
(@CGUID+137, 48522, 36, 0, 0, 6, 0, 0, 2347, 1, -42.0486, -796.323, 39.4285, 0.994838, 7200, 0, 0, 1312, 0, 0, 0, 0, 0, 0), -- 93
(@CGUID+138, 48521, 36, 0, 0, 6, 0, 0, 2350, 1, -77.3224, -791.051, 38.733, 1.67064, 7200, 0, 0, 1204, 1580, 2, 0, 0, 0, 0), -- 92
(@CGUID+139, 48522, 36, 0, 0, 6, 0, 0, 2348, 1, -108.859, -843.837, 17.0549, 5.68977, 7200, 0, 0, 1312, 0, 0, 0, 0, 0, 0),
(@CGUID+140, 48522, 36, 0, 0, 6, 0, 0, 2348, 1, -48.2222, -786.179, 18.42, 1.09956, 7200, 0, 0, 1312, 0, 0, 0, 0, 0, 0), -- 91
(@CGUID+141, 48447, 36, 0, 0, 6, 0, 0, 36148, 0, -35.3811, -722.848, 20.8815, 5.27407, 7200, 0, 0, 300, 100, 2, 0, 0, 0, 0), -- 90
(@CGUID+142, 45979, 36, 0, 0, 6, 0, 0, 11686, 0, -72.559, -731.221, 8.5869, 0, 7200, 0, 0, 77490, 0, 0, 0, 0, 0, 0),
(@CGUID+143, 48446, 36, 0, 0, 6, 0, 0, 36147, 0, 0.512153, -768.229, 9.80134, 0, 7200, 0, 0, 42, 0, 0, 0, 0, 0, 0),
(@CGUID+144, 48284, 36, 0, 0, 6, 0, 0, 36085, 0, -179.148, -425.917, 55.0343, 0, 7200, 0, 0, 3, 0, 0, 0, 0, 0, 0),
(@CGUID+145, 48284, 36, 0, 0, 6, 0, 0, 36085, 0, -250.729, -584.616, 51.2278, 0, 7200, 0, 0, 3, 0, 0, 0, 0, 0, 0),
(@CGUID+146, 48284, 36, 0, 0, 6, 0, 0, 36085, 0, -149.479, -533.724, 49.7047, 0, 7200, 0, 0, 3, 0, 0, 0, 0, 0, 0),
(@CGUID+147, 48284, 36, 0, 0, 6, 0, 0, 36085, 0, -138.866, -412.375, 58.8345, 0, 7200, 0, 0, 3, 0, 0, 0, 0, 0, 0),
(@CGUID+148, 48284, 36, 0, 0, 6, 0, 0, 36085, 0, -249.444, -492.528, 49.2208, 0, 7200, 0, 0, 3, 0, 0, 0, 0, 0, 0),
(@CGUID+149, 48284, 36, 0, 0, 6, 0, 0, 36085, 0, -292.052, -575.366, 48.8457, 0, 7200, 0, 0, 3, 0, 0, 0, 0, 0, 0),
(@CGUID+150, 48284, 36, 0, 0, 6, 0, 0, 36085, 0, -127.288, -599.422, 16.8903, 0, 7200, 0, 0, 3, 0, 0, 0, 0, 0, 0),
(@CGUID+151, 48284, 36, 0, 0, 6, 0, 0, 36085, 0, -158.8, -531.5, 52.4572, 0, 7200, 0, 0, 3, 0, 0, 0, 0, 0, 0),
(@CGUID+152, 48284, 36, 0, 0, 6, 0, 0, 36085, 0, -146.592, -528.896, 52.0218, 0, 7200, 0, 0, 3, 0, 0, 0, 0, 0, 0),
(@CGUID+153, 48284, 36, 0, 0, 6, 0, 0, 36085, 0, -98.1962, -388.095, 58.9235, 0, 7200, 0, 0, 3, 0, 0, 0, 0, 0, 0),
(@CGUID+154, 48439, 36, 0, 0, 6, 0, 0, 7109, 1, -180.807, -561.872, 51.3129, 0.506145, 7200, 0, 0, 984, 0, 0, 0, 0, 0, 0),
(@CGUID+155, 48439, 36, 0, 0, 6, 0, 0, 7109, 1, -182.872, -574.391, 48.223, 3.64774, 7200, 0, 0, 984, 0, 0, 0, 0, 0, 0),
(@CGUID+156, 48419, 36, 0, 0, 6, 0, 0, 2438, 1, -302.648, -576.9338, 48.2987, 2.602829, 7200, 0, 0, 300, 0, 0, 0, 0, 0, 0), -- 89 -- 
(@CGUID+157, 48439, 36, 0, 0, 6, 0, 0, 7109, 1, -211.707, -561.788, 21.0601, 6.14356, 7200, 0, 0, 984, 0, 0, 0, 0, 0, 0),
(@CGUID+158, 48280, 36, 0, 0, 6, 0, 0, 7110, 0, -183.33, -593.04, 40.1064, 0.314159, 7200, 0, 0, 984, 0, 0, 0, 0, 0, 0),
(@CGUID+159, 48280, 36, 0, 0, 6, 0, 0, 7110, 0, -205.578, -561.946, 21.0601, 1.37881, 7200, 0, 0, 984, 0, 0, 0, 0, 0, 0),
(@CGUID+160, 48418, 36, 0, 0, 6, 0, 0, 36138, 1, -289.589, -562.243, 49.0151, 6.00393, 7200, 5, 0, 1140, 1580, 1, 0, 0, 0, 0),
(@CGUID+161, 47403, 36, 0, 0, 6, 0, 0, 35604, 0, -228.675, -565.753, 19.3898, 5.98648, 7200, 0, 0, 3280, 100, 0, 0, 0, 0, 0),
(@CGUID+162, 47404, 36, 0, 0, 6, 0, 0, 35605, 0, -205.535, -552.747, 19.3898, 4.53786, 7200, 0, 0, 3280, 100, 0, 0, 0, 0, 0),
(@CGUID+163, 47403, 36, 0, 0, 6, 0, 0, 35604, 0, -182.743, -565.969, 19.3898, 3.35103, 7200, 0, 0, 3280, 100, 0, 0, 0, 0, 0),
(@CGUID+164, 47404, 36, 0, 0, 6, 0, 0, 35605, 0, -229.724, -590.372, 19.3898, 0.715585, 7200, 0, 0, 3280, 100, 0, 0, 0, 0, 0),
(@CGUID+165, 48418, 36, 0, 0, 6, 0, 0, 36141, 1, -283.961, -595.05, 49.7824, 6.09552, 7200, 5, 0, 1140, 1580, 1, 0, 0, 0, 0), -- 88
(@CGUID+166, 48419, 36, 0, 0, 6, 0, 0, 2444, 1, -289.462, -598.220, 47.729, 1.771875, 7200, 0, 0, 300, 0, 0, 0, 0, 0, 0),  -- 87 -- 
(@CGUID+167, 47284, 36, 0, 0, 6, 0, 0, 11686, 0, -201.273, -462.531, 54.3655, 0, 7200, 0, 0, 42, 0, 0, 0, 0, 0, 0),
(@CGUID+168, 47242, 36, 0, 0, 6, 0, 0, 11686, 0, -197.944, -446.873, 59.5037, 1.42555, 7200, 0, 0, 42, 0, 2, 0, 0, 0, 0), -- 86
(@CGUID+169, 47162, 36, 0, 0, 6, 0, 0, 37410, 0, -193.368, -441.828, 53.5993, 1.71042, 86400, 0, 0, 11375, 357, 0, 0, 0, 0, 0),
(@CGUID+170, 47284, 36, 0, 0, 6, 0, 0, 11686, 0, -176.099, -431.241, 55.2092, 0, 7200, 0, 0, 42, 0, 0, 0, 0, 0, 0),
(@CGUID+171, 47282, 36, 0, 0, 6, 0, 0, 11686, 0, -180.252, -437.943, 54.7876, 0, 7200, 0, 0, 42, 0, 0, 0, 0, 0, 0),
(@CGUID+172, 47284, 36, 0, 0, 6, 0, 0, 11686, 0, -195.924, -436.646, 53.4248, 0, 7200, 0, 0, 42, 0, 0, 0, 0, 0, 0),
(@CGUID+173, 47282, 36, 0, 0, 6, 0, 0, 11686, 0, -188.757, -452.146, 54.5701, 0, 7200, 0, 0, 42, 0, 0, 0, 0, 0, 0),
(@CGUID+174, 47284, 36, 0, 0, 6, 0, 0, 11686, 0, -197.222, -453.622, 54.8957, 0, 7200, 0, 0, 42, 0, 0, 0, 0, 0, 0),
(@CGUID+175, 47284, 36, 0, 0, 6, 0, 0, 11686, 0, -203.043, -448.563, 54.1013, 0, 7200, 0, 0, 42, 0, 0, 0, 0, 0, 0),
(@CGUID+176, 47284, 36, 0, 0, 6, 0, 0, 11686, 0, -183.608, -446.207, 54.8357, 0, 7200, 0, 0, 42, 0, 0, 0, 0, 0, 0),
(@CGUID+177, 48229, 36, 0, 0, 6, 0, 0, 373, 1, -116.497, -420.271, 56.8943, 0.907571, 7200, 0, 0, 300, 0, 0, 0, 0, 0, 0),
(@CGUID+178, 48229, 36, 0, 0, 6, 0, 0, 373, 1, -126.455, -441.102, 55.5273, 4.43314, 7200, 0, 0, 300, 0, 0, 0, 0, 0, 0),
(@CGUID+179, 48229, 36, 0, 0, 6, 0, 0, 373, 1, -165.851, -395.592, 57.4267, 1.98968, 7200, 0, 0, 300, 0, 0, 0, 0, 0, 0), -- 85
(@CGUID+180, 48229, 36, 0, 0, 6, 0, 0, 373, 1, -112.92, -445.181, 55.6213, 5.39307, 7200, 0, 0, 300, 0, 0, 0, 0, 0, 0), -- 84
(@CGUID+181, 45979, 36, 0, 0, 6, 0, 0, 11686, 0, -90.4306, -375.743, 58.0161, 0, 7200, 0, 0, 77490, 0, 0, 0, 0, 0, 0),
(@CGUID+182, 48279, 36, 0, 0, 6, 0, 0, 36134, 0, -191.279, -485.839, 54.0441, 1.21275, 7200, 0, 0, 1640, 0, 0, 0, 0, 0, 0),
(@CGUID+183, 48441, 36, 0, 0, 6, 0, 0, 30186, 1, -220.229, -503.561, 50.3507, 3.29867, 7200, 0, 0, 300, 100, 0, 0, 0, 0, 0), -- 83
(@CGUID+184, 48442, 36, 0, 0, 6, 0, 0, 30185, 1, -159.908, -529.783, 52.3288, 3.01942, 7200, 0, 0, 300, 100, 0, 0, 0, 0, 0), -- 82
(@CGUID+185, 48279, 36, 0, 0, 6, 0, 0, 36132, 0, -153.231, -531.007, 49.7449, 3.1765, 7200, 0, 0, 1640, 0, 0, 0, 0, 0, 0),
(@CGUID+186, 48442, 36, 0, 0, 6, 0, 0, 30185, 1, -236.847, -489.092, 49.9486, 4.39823, 7200, 0, 0, 300, 100, 0, 0, 0, 0, 0), -- 81
(@CGUID+187, 48445, 36, 0, 0, 6, 0, 0, 30262, 1, -290.559, -490.45, 49.9544, 1.37881, 7200, 0, 0, 1806, 326, 0, 0, 0, 0, 0), -- 80
(@CGUID+188, 48441, 36, 0, 0, 6, 0, 0, 30186, 1, -154.549, -530.686, 49.8494, 3.71755, 7200, 0, 0, 300, 100, 0, 0, 0, 0, 0), -- 79
(@CGUID+189, 48447, 36, 0, 0, 6, 0, 0, 36148, 0, -92.48, -705.064, 9.33688, 4.6445, 7200, 0, 0, 300, 100, 2, 0, 0, 0, 0), -- 78
(@CGUID+190, 48266, 36, 0, 0, 6, 0, 0, 21788, 0, -89.2569, -782.528, 17.2564, 1.55334, 7200, 0, 0, 328, 0, 0, 0, 0, 0, 0),
(@CGUID+191, 48521, 36, 0, 0, 6, 0, 0, 2349, 1, -123.168, -790.698, 17.2485, 5.84685, 7200, 0, 0, 1204, 1580, 0, 0, 0, 0, 0),
(@CGUID+192, 48522, 36, 0, 0, 6, 0, 0, 2347, 1, -119.554, -791.314, 17.193, 2.86234, 7200, 0, 0, 1312, 0, 0, 0, 0, 0, 0),
(@CGUID+193, 48522, 36, 0, 0, 6, 0, 0, 2348, 1, -76.5903, -787.217, 26.2657, 5.42797, 7200, 0, 0, 1312, 0, 0, 0, 0, 0, 0), -- 77
(@CGUID+194, 48522, 36, 0, 0, 6, 0, 0, 2347, 1, -72.0347, -790.8, 39.3369, 1.78024, 7200, 0, 0, 1312, 0, 0, 0, 0, 0, 0),  -- 76
(@CGUID+195, 48447, 36, 0, 0, 6, 0, 0, 36148, 0, -57.2437, -727.385, 16.8742, 5.54957, 7200, 0, 0, 300, 100, 2, 0, 0, 0, 0), -- 75
(@CGUID+196, 48522, 36, 0, 0, 6, 0, 0, 2347, 1, -59.0538, -791.024, 39.1883, 1.37881, 7200, 0, 0, 1312, 0, 0, 0, 0, 0, 0), -- 74
(@CGUID+197, 48446, 36, 0, 0, 6, 0, 0, 36147, 0, -88.4253, -724.722, 8.67503, 0, 7200, 0, 0, 42, 0, 0, 0, 0, 0, 0),
(@CGUID+198, 48450, 36, 0, 0, 6, 0, 0, 36150, 0, -4.68842, -746.402, 8.80825, 3.77815, 7200, 8, 0, 300, 100, 1, 0, 0, 0, 0),
(@CGUID+199, 48284, 36, 0, 0, 6, 0, 0, 36085, 0, -136.859, -630.3, 14.8651, 0, 7200, 0, 0, 3, 0, 0, 0, 0, 0, 0),
(@CGUID+200, 48284, 36, 0, 0, 6, 0, 0, 36085, 0, -213.526, -496.017, 49.7937, 0, 7200, 0, 0, 3, 0, 0, 0, 0, 0, 0),
(@CGUID+201, 48284, 36, 0, 0, 6, 0, 0, 36085, 0, -123.663, -395.759, 58.4454, 0, 7200, 0, 0, 3, 0, 0, 0, 0, 0, 0),
(@CGUID+202, 48284, 36, 0, 0, 6, 0, 0, 36085, 0, -153.854, -533.601, 49.6608, 0, 7200, 0, 0, 3, 0, 0, 0, 0, 0, 0),
(@CGUID+203, 48284, 36, 0, 0, 6, 0, 0, 36085, 0, -302.448, -504.391, 49.5412, 0, 7200, 0, 0, 3, 0, 0, 0, 0, 0, 0),
(@CGUID+204, 48284, 36, 0, 0, 6, 0, 0, 36085, 0, -276.222, -579.795, 50.4263, 0, 7200, 0, 0, 3, 0, 0, 0, 0, 0, 0),
(@CGUID+205, 48284, 36, 0, 0, 6, 0, 0, 36085, 0, -275.771, -502.406, 50.0816, 0, 7200, 0, 0, 3, 0, 0, 0, 0, 0, 0),
(@CGUID+206, 48284, 36, 0, 0, 6, 0, 0, 36085, 0, -284.227, -550.545, 49.5303, 0, 7200, 0, 0, 3, 0, 0, 0, 0, 0, 0),
(@CGUID+207, 48284, 36, 0, 0, 6, 0, 0, 36085, 0, -149.052, -523.596, 52.4815, 0, 7200, 0, 0, 3, 0, 0, 0, 0, 0, 0),
(@CGUID+208, 48284, 36, 0, 0, 6, 0, 0, 36085, 0, -308.819, -599.736, 48.2892, 0, 7200, 0, 0, 3, 0, 0, 0, 0, 0, 0),
(@CGUID+209, 48439, 36, 0, 0, 6, 0, 0, 7109, 1, -223.089, -575.111, 21.0601, 3.68265, 7200, 0, 0, 984, 0, 0, 0, 0, 0, 0),
(@CGUID+210, 48421, 36, 0, 0, 6, 0, 0, 2317, 1, -306.72, -606.372, 47.8699, 4.20624, 7200, 0, 0, 984, 0, 0, 0, 0, 0, 0),
(@CGUID+211, 48419, 36, 0, 0, 6, 0, 0, 2438, 1, -260.201, -571.132, 50.862, 1.8675, 7200, 0, 0, 300, 0, 0, 0, 0, 0, 0),
(@CGUID+212, 48419, 36, 0, 0, 6, 0, 0, 2438, 1, -284.108, -561.8715, 49.307, 6.030968, 7200, 0, 0, 300, 0, 0, 0, 0, 0, 0), -- 73 -- 
(@CGUID+213, 48419, 36, 0, 0, 6, 0, 0, 308, 1, -305.8432, -582.1897, 48.493, 2.565131, 7200, 0, 0, 300, 0, 0, 0, 0, 0, 0), -- 72 -- 
(@CGUID+214, 48439, 36, 0, 0, 6, 0, 0, 7109, 1, -195.891, -600.521, 33.9845, 1.39626, 7200, 0, 0, 984, 0, 0, 0, 0, 0, 0),
(@CGUID+215, 48439, 36, 0, 0, 6, 0, 0, 7109, 1, -217.95, -598.425, 23.3113, 2.02458, 7200, 0, 0, 984, 0, 0, 0, 0, 0, 0),
(@CGUID+216, 48280, 36, 0, 0, 6, 0, 0, 7110, 0, -216.05, -578.45, 21.0601, 0.593412, 7200, 0, 0, 984, 0, 0, 0, 0, 0, 0),
(@CGUID+217, 47242, 36, 0, 0, 6, 0, 0, 11686, 0, -205.197, -450.986, 65.2096, 3.6569, 7200, 0, 0, 42, 0, 2, 0, 0, 0, 0), -- 71
(@CGUID+218, 47284, 36, 0, 0, 6, 0, 0, 11686, 0, -200.88, -440.773, 53.4445, 0, 7200, 0, 0, 42, 0, 0, 0, 0, 0, 0),
(@CGUID+219, 47677, 36, 0, 0, 6, 0, 0, 11686, 0, -193.358, -442.031, 53.7168, 1.69297, 7200, 0, 0, 42, 0, 0, 0, 0, 0, 0),
(@CGUID+220, 47282, 36, 0, 0, 6, 0, 0, 11686, 0, -193.694, -445.674, 54.2208, 0, 7200, 0, 0, 42, 0, 0, 0, 0, 0, 0),
(@CGUID+221, 47242, 36, 0, 0, 6, 0, 0, 11686, 0, -180.47, -449.579, 65.2876, 5.02563, 7200, 0, 0, 42, 0, 2, 0, 0, 0, 0), -- 70
(@CGUID+222, 48441, 36, 0, 0, 6, 0, 0, 30186, 1, -211.255, -512.712, 50.905, 5.23599, 7200, 0, 0, 300, 100, 0, 0, 0, 0, 0), -- 69
(@CGUID+223, 48278, 36, 0, 0, 6, 0, 0, 30187, 1, -219.513, -484.183, 50.0064, 1.39033, 7200, 0, 0, 300, 100, 0, 0, 0, 0, 0), -- 68
(@CGUID+224, 48445, 36, 0, 0, 6, 0, 0, 30261, 1, -256.983, -478.148, 49.5233, 6.16101, 7200, 0, 0, 1806, 326, 0, 0, 0, 0, 0), -- 67
(@CGUID+225, 48522, 36, 0, 0, 6, 0, 0, 2348, 1, -87.7917, -786.304, 17.3169, 1.76278, 7200, 0, 0, 1312, 0, 0, 0, 0, 0, 0), -- 66
(@CGUID+226, 48522, 36, 0, 0, 6, 0, 0, 2347, 1, -22.316, -833.927, 19.6427, 0.139626, 7200, 0, 0, 1312, 0, 0, 0, 0, 0, 0),
(@CGUID+227, 48521, 36, 0, 0, 6, 0, 0, 2349, 1, -124.783, -834.497, 16.9262, 5.98648, 7200, 0, 0, 1204, 1580, 0, 0, 0, 0, 0),
(@CGUID+228, 45979, 36, 0, 0, 6, 0, 0, 11686, 0, -100.849, -703.773, 9.29407, 0, 7200, 0, 0, 77490, 0, 0, 0, 0, 0, 0),
(@CGUID+229, 48447, 36, 0, 0, 6, 0, 0, 36148, 0, -102.604, -720.311, 8.58634, 5.40141, 7200, 8, 0, 300, 100, 1, 0, 0, 0, 0),
(@CGUID+230, 48266, 36, 0, 0, 6, 0, 0, 21788, 0, -30.2622, -793.069, 19.237, 0.802851, 7200, 0, 0, 328, 0, 0, 0, 0, 0, 0),
(@CGUID+231, 48522, 36, 0, 0, 6, 0, 0, 2348, 1, -81.4913, -779.387, 26.7951, 1.79769, 7200, 0, 0, 1312, 0, 0, 0, 0, 0, 0), -- 65
(@CGUID+232, 48522, 36, 0, 0, 6, 0, 0, 2348, 1, -107.352, -847.233, 17.0334, 1.0821, 7200, 0, 0, 1312, 0, 0, 0, 0, 0, 0),
(@CGUID+233, 48266, 36, 0, 0, 6, 0, 0, 21788, 0, -40.0035, -793.302, 39.4754, 1.0472, 7200, 0, 0, 328, 0, 0, 0, 0, 0, 0),
(@CGUID+234, 48446, 36, 0, 0, 6, 0, 0, 36147, 0, -12.0556, -740.252, 9.10946, 0, 7200, 0, 0, 42, 0, 0, 0, 0, 0, 0),
(@CGUID+235, 48284, 36, 0, 0, 6, 0, 0, 36085, 0, -182.821, -485.785, 54.1321, 0, 7200, 0, 0, 3, 0, 0, 0, 0, 0, 0),
(@CGUID+236, 48284, 36, 0, 0, 6, 0, 0, 36085, 0, -228.181, -491.986, 48.785, 0, 7200, 0, 0, 3, 0, 0, 0, 0, 0, 0),
(@CGUID+237, 48284, 36, 0, 0, 6, 0, 0, 36085, 0, -168.455, -396.632, 57.568, 0, 7200, 0, 0, 3, 0, 0, 0, 0, 0, 0),
(@CGUID+238, 48284, 36, 0, 0, 6, 0, 0, 36085, 0, -206.377, -511.821, 51.6158, 0, 7200, 0, 0, 3, 0, 0, 0, 0, 0, 0),
(@CGUID+239, 48279, 36, 0, 0, 6, 0, 0, 36135, 0, -217.524, -502.311, 50.8115, 3.56047, 7200, 0, 0, 1640, 0, 0, 0, 0, 0, 0),
(@CGUID+240, 48441, 36, 0, 0, 6, 0, 0, 30186, 1, -157.344, -507.266, 53.5206, 0.645772, 7200, 0, 0, 300, 100, 0, 0, 0, 0, 0), -- 64
(@CGUID+241, 48278, 36, 0, 0, 6, 0, 0, 30187, 1, -168.326, -510.337, 53.5563, 4.71239, 7200, 0, 0, 300, 100, 0, 0, 0, 0, 0),
(@CGUID+242, 48279, 36, 0, 0, 6, 0, 0, 36132, 0, -168.495, -508.53, 53.5882, 4.90438, 7200, 0, 0, 1640, 0, 0, 0, 0, 0, 0),
(@CGUID+243, 48442, 36, 0, 0, 6, 0, 0, 30185, 1, -192.204, -506.94, 53.2189, 0.17152, 7200, 0, 0, 300, 100, 2, 0, 0, 0, 0), -- 63
(@CGUID+244, 48279, 36, 0, 0, 6, 0, 0, 36132, 0, -234.918, -487.356, 48.5705, 3.80482, 7200, 0, 0, 1640, 0, 0, 0, 0, 0, 0),
(@CGUID+245, 48445, 36, 0, 0, 6, 0, 0, 30261, 1, -281.757, -494.666, 49.2797, 2.0268, 7200, 0, 0, 1806, 326, 2, 0, 0, 0, 0), -- 62
(@CGUID+246, 48440, 36, 0, 0, 6, 0, 0, 30184, 1, -150.635, -518.189, 52.9936, 0.767945, 7200, 0, 0, 300, 100, 0, 0, 0, 0, 0), -- 61
(@CGUID+247, 48279, 36, 0, 0, 6, 0, 0, 36132, 0, -203.663, -502.885, 52.9165, 2.19912, 7200, 0, 0, 1640, 0, 0, 0, 0, 0, 0),
(@CGUID+248, 48522, 36, 0, 0, 6, 0, 0, 2348, 1, -121.691, -835.438, 16.9671, 2.6529, 7200, 0, 0, 1312, 0, 0, 0, 0, 0, 0),
(@CGUID+249, 48522, 36, 0, 0, 6, 0, 0, 2348, 1, -19.1372, -813.344, 19.793, 1.46608, 7200, 0, 0, 1312, 0, 0, 0, 0, 0, 0),  -- 60
(@CGUID+250, 48522, 36, 0, 0, 6, 0, 0, 2347, 1, -19.5833, -832.882, 19.8021, 3.50811, 7200, 0, 0, 1312, 0, 0, 0, 0, 0, 0),
(@CGUID+251, 48522, 36, 0, 0, 6, 0, 0, 2348, 1, -91.2517, -852.661, 17.2657, 5.55015, 7200, 0, 0, 1312, 0, 0, 0, 0, 0, 0),
(@CGUID+252, 48521, 36, 0, 0, 6, 0, 0, 2349, 1, -32.0191, -847.84, 19.1876, 0.558505, 7200, 0, 0, 1204, 1580, 0, 0, 0, 0, 0),
(@CGUID+253, 48521, 36, 0, 0, 6, 0, 0, 2349, 1, -89.0278, -854.734, 17.305, 2.49582, 7200, 0, 0, 1204, 1580, 0, 0, 0, 0, 0),
(@CGUID+254, 48446, 36, 0, 0, 6, 0, 0, 36147, 0, -100.849, -703.773, 9.29407, 0, 7200, 0, 0, 42, 0, 0, 0, 0, 0, 0),
(@CGUID+255, 48446, 36, 0, 0, 6, 0, 0, 36147, 0, -30.6337, -727.731, 8.52102, 0, 7200, 0, 0, 42, 0, 0, 0, 0, 0, 0),
(@CGUID+256, 48266, 36, 0, 0, 6, 0, 0, 21788, 0, -58.6424, -787.132, 39.3505, 1.39626, 7200, 0, 0, 328, 0, 0, 0, 0, 0, 0),
(@CGUID+257, 48447, 36, 0, 0, 6, 0, 0, 36148, 0, -74.648, -730.786, 19.0409, 4.32596, 7200, 0, 0, 300, 100, 2, 0, 0, 0, 0), -- 59
(@CGUID+258, 46890, 36, 0, 0, 6, 0, 0, 35340, 1, -68.9063, -382.668, 54.0049, 2.67035, 7200, 0, 0, 1452, 0, 0, 0, 0, 0, 0),
(@CGUID+259, 46902, 36, 0, 0, 6, 0, 0, 35342, 1, -57.0278, -403.214, 54.3313, 2.37365, 7200, 0, 0, 2715, 0, 0, 0, 0, 0, 0),
(@CGUID+260, 46890, 36, 0, 0, 6, 0, 0, 35340, 1, -15.3507, -375.851, 60.8098, 4.2586, 7200, 0, 0, 1452, 0, 0, 0, 0, 0, 0),
(@CGUID+261, 46889, 36, 0, 0, 6, 0, 0, 35333, 1, -66.2517, -401.241, 54.2756, 1.51844, 7200, 0, 0, 2865, 0, 0, 0, 0, 0, 0),
(@CGUID+262, 46903, 36, 0, 0, 6, 0, 0, 5299, 0, -53.5035, -402.894, 55.534, 2.40855, 7200, 0, 0, 1668, 0, 0, 0, 0, 0, 0),
(@CGUID+263, 46890, 36, 0, 0, 6, 0, 0, 35340, 1, -66.9566, -373.967, 55.1601, 3.1765, 7200, 0, 0, 1452, 0, 0, 0, 0, 0, 0),
(@CGUID+264, 46903, 36, 0, 0, 6, 0, 0, 5299, 0, -59.4844, -405.837, 55.0932, 1.81514, 7200, 0, 0, 1668, 0, 0, 0, 0, 0, 0),
(@CGUID+265, 46890, 36, 0, 0, 6, 0, 0, 35340, 1, -45.0608, -384.533, 55.6289, 1.29154, 7200, 0, 0, 1452, 0, 0, 0, 0, 0, 0),
(@CGUID+266, 46906, 36, 0, 0, 6, 0, 0, 29346, 1, -66.6233, -398.573, 54.6927, 4.85202, 7200, 0, 0, 800, 100, 0, 0, 0, 0, 0),
(@CGUID+267, 48338, 36, 0, 0, 6, 0, 0, 36119, 0, -188.042, -497.331, 53.3695, 4.41967, 7200, 0, 0, 1312, 0, 2, 0, 0, 0, 0), -- 58
(@CGUID+268, 48522, 36, 0, 0, 6, 0, 0, 2348, 1, -124.016, -809.231, 16.9686, 4.03171, 7200, 0, 0, 1312, 0, 0, 0, 0, 0, 0), -- 57
(@CGUID+269, 48446, 36, 0, 0, 6, 0, 0, 36147, 0, -49.3264, -730.056, 9.32048, 0, 7200, 0, 0, 42, 0, 0, 0, 0, 0, 0),
(@CGUID+270, 48447, 36, 0, 0, 6, 0, 0, 36148, 0, -92.6043, -693.693, 8.39226, 5.16272, 7200, 8, 0, 300, 100, 1, 0, 0, 0, 0),
(@CGUID+271, 48522, 36, 0, 0, 6, 0, 0, 2347, 1, -32.6267, -795.549, 19.089, 0.698132, 7200, 0, 0, 1312, 0, 0, 0, 0, 0, 0), -- 56
(@CGUID+272, 48522, 36, 0, 0, 6, 0, 0, 2348, 1, -45.6111, -851.63, 18.5623, 4.79965, 7200, 0, 0, 1312, 0, 0, 0, 0, 0, 0), -- 55
(@CGUID+273, 48521, 36, 0, 0, 6, 0, 0, 2350, 1, -32.9757, -790.03, 19.0157, 0.818257, 7200, 0, 0, 1204, 1580, 0, 0, 0, 0, 0),
(@CGUID+274, 48451, 36, 0, 0, 6, 0, 0, 36152, 0, -138.689, -769.642, 3.17489, 1.40024, 7200, 0, 0, 300, 100, 2, 0, 0, 0, 0), -- 54
(@CGUID+275, 48522, 36, 0, 0, 6, 0, 0, 2347, 1, -17.9792, -818.58, 19.8577, 2.37365, 7200, 0, 0, 1312, 0, 0, 0, 0, 0, 0),  -- 53
(@CGUID+276, 48266, 36, 0, 0, 6, 0, 0, 21788, 0, -72.1059, -786.894, 39.5538, 1.64061, 7200, 0, 0, 328, 0, 0, 0, 0, 0, 0),
(@CGUID+277, 48266, 36, 0, 0, 6, 0, 0, 21788, 0, -82.3142, -775.5, 26.8933, 1.72788, 7200, 0, 0, 328, 0, 0, 0, 0, 0, 0),
(@CGUID+278, 48522, 36, 0, 0, 6, 0, 0, 2348, 1, -105.021, -843.693, 17.1262, 4.17134, 7200, 0, 0, 1312, 0, 0, 0, 0, 0, 0), -- 52
(@CGUID+279, 48266, 36, 0, 0, 6, 0, 0, 21788, 0, -46.901, -783.154, 18.4898, 1.16937, 7200, 0, 0, 328, 0, 0, 0, 0, 0, 0),
(@CGUID+280, 48447, 36, 0, 0, 6, 0, 0, 36148, 0, -0.889659, -757.723, 9.19812, 2.21015, 7200, 8, 0, 300, 100, 1, 0, 0, 0, 0),
(@CGUID+281, 24935, 36, 0, 0, 6, 0, 0, 0, 0, -55.457, -405.350, 55.03, 2.086530,  7200, 0, 0, 60, 0, 0, 0, 0, 0, 0), 
(@CGUID+282, 48278, 36, 0, 0, 6, 0, 0, 0, 1, -193.557, -507.0221, 53.1868, 5.050059, 7200, 0, 0, 60, 0, 0, 0, 0, 0, 0),
(@CGUID+283, 48417, 36, 0, 0, 6, 0, 0, 0, 1, -139.2213, -582.9287, 18.2842, 2.928735, 7200, 0, 0, 60, 0, 0, 0, 0, 0, 0),
(@CGUID+284, 48439, 36, 0, 0, 6, 0, 0, 7109, 1, -277.722, -495.944, 49.6921, 4.76221, 7200, 0, 0, 984, 0, 0, 0, 0, 0, 0), -- 51
(@CGUID+285, 48280, 36, 0, 0, 6, 0, 0, 7110, 0, -272.104, -488.595, 49.2876, 5.79361, 7200, 0, 0, 984, 0, 0, 0, 0, 0, 0), -- 50
(@CGUID+291, 48439, 36, 0, 0, 6, 0, 0, 7109, 1, -273.826, -477.703, 49.2435, 1.04438, 7200, 0, 0, 984, 0, 0, 0, 0, 0, 0), -- 48
(@CGUID+292, 48280, 36, 0, 0, 6, 0, 0, 7110, 0, -278.252, -485.319, 48.8387, 0.289022, 7200, 0, 0, 984, 0, 0, 0, 0, 0, 0), -- 49
(@CGUID+293, 48417, 36, 0, 0, 6, 0, 0, 36163, 1, -97.467, -675.726, 7.50242, 1.78024, 7200, 0, 0, 1140, 1580, 0, 0, 0, 0, 0), -- 47
(@CGUID+294, 48417, 36, 0, 0, 6, 0, 0, 2447, 1, -100.878, -676.349, 7.49962, 1.78024, 7200, 0, 0, 1140, 1580, 0, 0, 0, 0, 0), -- 46
(@CGUID+295, 48505, 36, 0, 0, 6, 0, 0, 210, 1, -98.4774, -672.389, 7.50265, 1.23918, 7200, 0, 0, 1312, 100, 0, 0, 0, 0, 0), -- 45
(@CGUID+296, 48502, 36, 0, 0, 6, 0, 0, 36167, 1, -101.089, -673.014, 7.50165, 1.79769, 7200, 0, 0, 1312, 0, 0, 0, 0, 0, 0),
(@CGUID+297, 45979, 36, 0, 0, 6, 0, 0, 11686, 0, -64.4392, -819.938, 41.2188, 0.0523599, 7200, 0, 0, 77490, 0, 0, 0, 0, 0, 0),
(@CGUID+298, 47242, 36, 0, 0, 6, 0, 0, 11686, 0, -70.941, -835.523, 40.6859, 4.17134, 7200, 0, 0, 42, 0, 0, 0, 0, 0, 0), -- 44
(@CGUID+299, 47242, 36, 0, 0, 6, 0, 0, 11686, 0, -79.2431, -834.884, 39.9758, 0, 7200, 0, 0, 42, 0, 0, 0, 0, 0, 0), -- 43
(@CGUID+300, 47242, 36, 0, 0, 6, 0, 0, 11686, 0, -88.1024, -831.63, 39.2559, 0, 7200, 0, 0, 42, 0, 0, 0, 0, 0, 0),  -- 42
(@CGUID+301, 47242, 36, 0, 0, 6, 0, 0, 11686, 0, -95.3628, -828.319, 38.6867, 0, 7200, 0, 0, 42, 0, 0, 0, 0, 0, 0), -- 41
(@CGUID+302, 47242, 36, 0, 0, 6, 0, 0, 11686, 0, -99.684, -818.974, 38.3542, 0, 7200, 0, 0, 42, 0, 0, 0, 0, 0, 0),  -- 40
(@CGUID+303, 47242, 36, 0, 0, 6, 0, 0, 11686, 0, -101.174, -824.677, 38.2535, 0, 7200, 0, 0, 42, 0, 0, 0, 0, 0, 0), -- 39
(@CGUID+304, 47242, 36, 0, 0, 6, 0, 0, 11686, 0, -104.384, -819.276, 38.0203, 0, 7200, 0, 0, 42, 0, 0, 0, 0, 0, 0), -- 38
(@CGUID+305, 47242, 36, 0, 0, 6, 0, 0, 11686, 0, -101.122, -813.936, 38.2438, 0, 7200, 0, 0, 42, 0, 0, 0, 0, 0, 0), -- 37
(@CGUID+306, 47242, 36, 0, 0, 6, 0, 0, 11686, 0, -94.2292, -809.929, 38.7469, 0, 7200, 0, 0, 42, 0, 0, 0, 0, 0, 0), -- 36
(@CGUID+307, 47242, 36, 0, 0, 6, 0, 0, 11686, 0, -85.6667, -808.549, 39.4228, 0, 7200, 0, 0, 42, 0, 0, 0, 0, 0, 0), -- 35
(@CGUID+308, 47242, 36, 0, 0, 6, 0, 0, 11686, 0, -79.3229, -806.665, 39.93, 0, 7200, 0, 0, 42, 0, 0, 0, 0, 0, 0),   -- 34
(@CGUID+309, 47242, 36, 0, 0, 6, 0, 0, 11686, 0, -72.8733, -808.346, 40.4807, 0, 7200, 0, 0, 42, 0, 0, 0, 0, 0, 0), -- 33
(@CGUID+310, 47242, 36, 0, 0, 6, 0, 0, 11686, 0, -66.6615, -805.149, 41.0334, 0, 7200, 0, 0, 42, 0, 0, 0, 0, 0, 0), -- 32
(@CGUID+311, 47242, 36, 0, 0, 6, 0, 0, 11686, 0, -60, -807.571, 41.6455, 0, 7200, 0, 0, 42, 0, 0, 0, 0, 0, 0),      -- 31
(@CGUID+312, 47242, 36, 0, 0, 6, 0, 0, 11686, 0, -55.0469, -805.922, 42.1087, 0, 7200, 0, 0, 42, 0, 0, 0, 0, 0, 0), -- 30
(@CGUID+313, 47242, 36, 0, 0, 6, 0, 0, 11686, 0, -47.6163, -808.856, 42.8273, 0, 7200, 0, 0, 42, 0, 0, 0, 0, 0, 0), -- 29
(@CGUID+314, 47242, 36, 0, 0, 6, 0, 0, 11686, 0, -82.5642, -830.498, 39.7044, 5.39307, 7200, 0, 0, 42, 0, 0, 0, 0, 0, 0), -- 28
(@CGUID+315, 47242, 36, 0, 0, 6, 0, 0, 11686, 0, -75.5295, -831.818, 40.2749, 2.46091, 7200, 0, 0, 42, 0, 0, 0, 0, 0, 0), -- 27
(@CGUID+316, 47242, 36, 0, 0, 6, 0, 0, 11686, 0, -51.8837, -833.491, 42.4604, 0, 7200, 0, 0, 42, 0, 0, 0, 0, 0, 0),       -- 26
(@CGUID+317, 47242, 36, 0, 0, 6, 0, 0, 11686, 0, -57.3889, -822.721, 41.915, 3.24631, 7200, 0, 0, 42, 0, 0, 0, 0, 0, 0),  -- 25
(@CGUID+318, 47242, 36, 0, 0, 6, 0, 0, 11686, 0, -47.4358, -831.122, 42.8763, 0, 7200, 0, 0, 42, 0, 0, 0, 0, 0, 0),       -- 24
(@CGUID+319, 47242, 36, 0, 0, 6, 0, 0, 11686, 0, -51.8299, -829.847, 42.455, 0, 7200, 0, 0, 42, 0, 0, 0, 0, 0, 0),        -- 23
(@CGUID+320, 47242, 36, 0, 0, 6, 0, 0, 11686, 0, -58.0365, -812.931, 41.8374, 5.67232, 7200, 0, 0, 42, 0, 0, 0, 0, 0, 0), -- 22
(@CGUID+321, 47242, 36, 0, 0, 6, 0, 0, 11686, 0, -73.6458, -814.604, 40.402, 3.97935, 7200, 0, 0, 42, 0, 0, 0, 0, 0, 0),  -- 21
(@CGUID+322, 47242, 36, 0, 0, 6, 0, 0, 11686, 0, -56.4115, -827.823, 42.0163, 0, 7200, 0, 0, 42, 0, 0, 0, 0, 0, 0),       -- 20
(@CGUID+323, 47242, 36, 0, 0, 6, 0, 0, 11686, 0, -61.9878, -829.885, 41.5003, 2.44346, 7200, 0, 0, 42, 0, 0, 0, 0, 0, 0), -- 19
(@CGUID+324, 47242, 36, 0, 0, 6, 0, 0, 11686, 0, -73.9705, -819.941, 40.3588, 4.38078, 7200, 0, 0, 42, 0, 0, 0, 0, 0, 0), -- 18
(@CGUID+325, 47242, 36, 0, 0, 6, 0, 0, 11686, 0, -53.2882, -810.453, 42.2844, 2.47837, 7200, 0, 0, 42, 0, 0, 0, 0, 0, 0), -- 17
(@CGUID+326, 47242, 36, 0, 0, 6, 0, 0, 11686, 0, -56.9514, -832.986, 41.9731, 2.05949, 7200, 0, 0, 42, 0, 0, 0, 0, 0, 0), -- 16
(@CGUID+327, 47242, 36, 0, 0, 6, 0, 0, 11686, 0, -65.401, -833.352, 41.2017, 2.14675, 7200, 0, 0, 42, 0, 0, 0, 0, 0, 0),  -- 15
(@CGUID+328, 47242, 36, 0, 0, 6, 0, 0, 11686, 0, -60.9792, -835.979, 41.5982, 0, 7200, 0, 0, 42, 0, 0, 0, 0, 0, 0),       -- 14
(@CGUID+329, 47242, 36, 0, 0, 6, 0, 0, 11686, 0, -68.934, -829.365, 40.8772, 3.10669, 7200, 0, 0, 42, 0, 0, 0, 0, 0, 0),  -- 13
(@CGUID+330, 47242, 36, 0, 0, 6, 0, 0, 11686, 0, -72.9931, -825.99, 40.4834, 0.244346, 7200, 0, 0, 42, 0, 0, 0, 0, 0, 0), -- 12
(@CGUID+331, 47242, 36, 0, 0, 6, 0, 0, 11686, 0, -56.901, -818.264, 41.954, 2.46091, 7200, 0, 0, 42, 0, 0, 0, 0, 0, 0),   -- 11
(@CGUID+332, 45979, 36, 0, 0, 6, 0, 0, 11686, 0, -66.8785, -820.351, 40.9776, 0.0523599, 7200, 0, 0, 77490, 0, 0, 0, 0, 0, 0), -- 10
(@CGUID+333, 47242, 36, 0, 0, 6, 0, 0, 11686, 0, -62.6597, -823.653, 41.4015, 2.05949, 7200, 0, 0, 42, 0, 0, 0, 0, 0, 0),  -- 9
(@CGUID+334, 47242, 36, 0, 0, 6, 0, 0, 11686, 0, -68.1302, -822.918, 40.888, 4.08407, 7200, 0, 0, 42, 0, 0, 0, 0, 0, 0), -- 8
(@CGUID+335, 47242, 36, 0, 0, 6, 0, 0, 11686, 0, -67.6128, -814.219, 40.944, 3.76991, 7200, 0, 0, 42, 0, 0, 0, 0, 0, 0), -- 7
(@CGUID+336, 47242, 36, 0, 0, 6, 0, 0, 11686, 0, -62.6927, -814.031, 41.3843, 4.32842, 7200, 0, 0, 42, 0, 0, 0, 0, 0, 0), -- 6
(@CGUID+337, 4075, 36, 0, 0, 6, 0, 0, 1141, 0, -19.7409, -817.841, 19.7463, 0.767945, 7200, 0, 0, 8, 0, 0, 0, 0, 0, 0),
(@CGUID+338, 51624, 36, 0, 0, 6, 0, 0, 11686, 0, -205.769, -579.092, 51.1029, 5.98648, 7200, 0, 0, 77490, 0, 0, 0, 0, 0, 0),
(@CGUID+339, 49208, 36, 0, 0, 4, 0, 0, 36412, 0, -205.823, -553.793, 51.3129, 4.71239, 7200, 0, 0, 333360, 100, 0, 0, 0, 0, 0),
(@CGUID+340, 49552, 36, 0, 0, 6, 0, 0, 11686, 0, -74.2969, -877.101, 195.044, 4.60767, 7200, 0, 0, 42, 0, 0, 0, 0, 0, 0),
(@CGUID+341, 49552, 36, 0, 0, 6, 0, 0, 11686, 0, -63.6059, -862.786, 202.73, 4.60767, 7200, 0, 0, 42, 0, 0, 0, 0, 0, 0),
(@CGUID+342, 49552, 36, 0, 0, 6, 0, 0, 11686, 0, -71.1146, -868.464, 200.771, 4.60767, 7200, 0, 0, 42, 0, 0, 0, 0, 0, 0),
(@CGUID+343, 49552, 36, 0, 0, 6, 0, 0, 11686, 0, -69.1545, -868.964, 195.248, 4.60767, 7200, 0, 0, 42, 0, 0, 0, 0, 0, 0),
(@CGUID+344, 49552, 36, 0, 0, 6, 0, 0, 11686, 0, -64.217, -866.182, 195.395, 4.60767, 7200, 0, 0, 42, 0, 0, 0, 0, 0, 0),
(@CGUID+345, 48974, 36, 0, 0, 6, 0, 0, 11686, 0, -193.287, -441.953, 53.7636, 1.77497, 7200, 0, 0, 6141, 0, 2, 0, 0, 0, 0), -- 128
(@CGUID+346, 48975, 36, 0, 0, 6, 0, 0, 11686, 0, -194.489, -448.895, 55.7367, 2.96513, 7200, 0, 0, 6141, 0, 0, 0, 0, 0, 0),
(@CGUID+347, 48976, 36, 0, 0, 6, 0, 0, 11686, 0, -192.315, -433.549, 55.7642, 6.16542, 7200, 0, 0, 6141, 0, 0, 0, 0, 0, 0),
(@CGUID+348, 48976, 36, 0, 0, 6, 0, 0, 11686, 0, -191.956, -430.578, 55.7367, 6.16542, 7200, 0, 0, 6141, 0, 0, 0, 0, 0, 0),
(@CGUID+349, 48976, 36, 0, 0, 6, 0, 0, 11686, 0, -194.62, -447.334, 55.7367, 2.89493, 7200, 0, 0, 6141, 0, 0, 0, 0, 0, 0),
(@CGUID+350, 48976, 36, 0, 0, 6, 0, 0, 11686, 0, -193.888, -444.425, 55.7367, 2.89493, 7200, 0, 0, 6141, 0, 0, 0, 0, 0, 0),
(@CGUID+351, 49039, 36, 0, 0, 6, 0, 0, 11686, 0, -191.069, -423.138, 55.7092, 6.16542, 7200, 0, 0, 6141, 0, 0, 0, 0, 0, 0),
(@CGUID+352, 49041, 36, 0, 0, 6, 0, 0, 11686, 0, -189.436, -421.866, 55.7367, 6.09396, 7200, 0, 0, 6141, 0, 0, 0, 0, 0, 0),
(@CGUID+353, 49041, 36, 0, 0, 6, 0, 0, 11686, 0, -188.866, -418.928, 55.7092, 6.09396, 7200, 0, 0, 6141, 0, 0, 0, 0, 0, 0),
(@CGUID+354, 49041, 36, 0, 0, 6, 0, 0, 11686, 0, -189.995, -424.821, 55.7092, 6.09396, 7200, 0, 0, 6141, 0, 0, 0, 0, 0, 0),
(@CGUID+355, 49041, 36, 0, 0, 6, 0, 0, 11686, 0, -190.559, -427.767, 55.7092, 6.09396, 7200, 0, 0, 6141, 0, 0, 0, 0, 0, 0),
(@CGUID+356, 49040, 36, 0, 0, 6, 0, 0, 11686, 0, -189.659, -411.221, 55.7092, 6.16542, 7200, 0, 0, 6141, 0, 0, 0, 0, 0, 0),
(@CGUID+357, 49042, 36, 0, 0, 6, 0, 0, 11686, 0, -187.179, -410.08, 55.7367, 6.09396, 7200, 0, 0, 6141, 0, 0, 0, 0, 0, 0),
(@CGUID+358, 49042, 36, 0, 0, 6, 0, 0, 11686, 0, -186.609, -407.142, 55.7092, 6.09396, 7200, 0, 0, 6141, 0, 0, 0, 0, 0, 0),
(@CGUID+359, 49042, 36, 0, 0, 6, 0, 0, 11686, 0, -187.738, -413.035, 55.7092, 6.09396, 7200, 0, 0, 6141, 0, 0, 0, 0, 0, 0),
(@CGUID+360, 49042, 36, 0, 0, 6, 0, 0, 11686, 0, -188.302, -415.982, 55.7092, 6.09396, 7200, 0, 0, 6141, 0, 0, 0, 0, 0, 0),
(@CGUID+361, 49040, 36, 0, 0, 6, 0, 0, 11686, 0, -236.065, -437.8, 55.7092, 1.47229, 7200, 0, 0, 6141, 0, 0, 0, 0, 0, 0),
(@CGUID+362, 49042, 36, 0, 0, 6, 0, 0, 11686, 0, -237.134, -434.464, 55.7367, 1.40015, 7200, 0, 0, 6141, 0, 0, 0, 0, 0, 0),
(@CGUID+363, 49042, 36, 0, 0, 6, 0, 0, 11686, 0, -240.082, -433.948, 55.7092, 1.40015, 7200, 0, 0, 6141, 0, 0, 0, 0, 0, 0),
(@CGUID+364, 49042, 36, 0, 0, 6, 0, 0, 11686, 0, -234.169, -434.967, 55.7092, 1.40015, 7200, 0, 0, 6141, 0, 0, 0, 0, 0, 0),
(@CGUID+365, 49042, 36, 0, 0, 6, 0, 0, 11686, 0, -231.212, -435.477, 55.7092, 1.40015, 7200, 0, 0, 6141, 0, 0, 0, 0, 0, 0),
(@CGUID+366, 48975, 36, 0, 0, 6, 0, 0, 11686, 0, -197.041, -438.707, 55.7092, 3.99851, 7200, 0, 0, 6141, 0, 0, 0, 0, 0, 0),
(@CGUID+367, 48976, 36, 0, 0, 6, 0, 0, 11686, 0, -195.68, -439.46, 55.7367, 3.91034, 7200, 0, 0, 6141, 0, 0, 0, 0, 0, 0),
(@CGUID+368, 48976, 36, 0, 0, 6, 0, 0, 11686, 0, -193.605, -441.616, 55.7092, 3.91034, 7200, 0, 0, 6141, 0, 0, 0, 0, 0, 0),
(@CGUID+369, 48976, 36, 0, 0, 6, 0, 0, 11686, 0, -197.776, -437.303, 55.7092, 3.91034, 7200, 0, 0, 6141, 0, 0, 0, 0, 0, 0),
(@CGUID+370, 48976, 36, 0, 0, 6, 0, 0, 11686, 0, -199.862, -435.147, 55.7092, 3.91034, 7200, 0, 0, 6141, 0, 0, 0, 0, 0, 0),
(@CGUID+371, 49039, 36, 0, 0, 6, 0, 0, 11686, 0, -206.111, -430.85, 55.7092, 3.99851, 7200, 0, 0, 6141, 0, 0, 0, 0, 0, 0),
(@CGUID+372, 49041, 36, 0, 0, 6, 0, 0, 11686, 0, -204.023, -430.835, 55.7367, 3.91034, 7200, 0, 0, 6141, 0, 0, 0, 0, 0, 0),
(@CGUID+373, 49041, 36, 0, 0, 6, 0, 0, 11686, 0, -201.947, -432.991, 55.7092, 3.91034, 7200, 0, 0, 6141, 0, 0, 0, 0, 0, 0),
(@CGUID+374, 49041, 36, 0, 0, 6, 0, 0, 11686, 0, -206.119, -428.678, 55.7092, 3.91034, 7200, 0, 0, 6141, 0, 0, 0, 0, 0, 0),
(@CGUID+375, 49041, 36, 0, 0, 6, 0, 0, 11686, 0, -208.204, -426.522, 55.7092, 3.91034, 7200, 0, 0, 6141, 0, 0, 0, 0, 0, 0),
(@CGUID+376, 49040, 36, 0, 0, 6, 0, 0, 11686, 0, -215.181, -422.993, 55.7092, 3.99851, 7200, 0, 0, 6141, 0, 0, 0, 0, 0, 0),
(@CGUID+377, 49042, 36, 0, 0, 6, 0, 0, 11686, 0, -212.366, -422.209, 55.7367, 3.91034, 7200, 0, 0, 6141, 0, 0, 0, 0, 0, 0),
(@CGUID+378, 49042, 36, 0, 0, 6, 0, 0, 11686, 0, -210.29, -424.365, 55.7092, 3.91034, 7200, 0, 0, 6141, 0, 0, 0, 0, 0, 0),
(@CGUID+379, 49042, 36, 0, 0, 6, 0, 0, 11686, 0, -214.462, -420.053, 55.7092, 3.91034, 7200, 0, 0, 6141, 0, 0, 0, 0, 0, 0),
(@CGUID+380, 49042, 36, 0, 0, 6, 0, 0, 11686, 0, -216.547, -417.896, 55.7092, 3.91034, 7200, 0, 0, 6141, 0, 0, 0, 0, 0, 0),
(@CGUID+381, 49040, 36, 0, 0, 6, 0, 0, 11686, 0, -221.762, -412.505, 55.7092, 3.91034, 7200, 0, 0, 6141, 0, 0, 0, 0, 0, 0),
(@CGUID+382, 49042, 36, 0, 0, 6, 0, 0, 11686, 0, -218.405, -411.525, 55.7367, 3.83193, 7200, 0, 0, 6141, 0, 0, 0, 0, 0, 0),
(@CGUID+383, 49042, 36, 0, 0, 6, 0, 0, 11686, 0, -216.505, -413.837, 55.7092, 3.83193, 7200, 0, 0, 6141, 0, 0, 0, 0, 0, 0),
(@CGUID+384, 49042, 36, 0, 0, 6, 0, 0, 11686, 0, -220.325, -409.211, 55.7092, 3.83193, 7200, 0, 0, 6141, 0, 0, 0, 0, 0, 0),
(@CGUID+385, 49042, 36, 0, 0, 6, 0, 0, 11686, 0, -238.781, -441.79, 55.7092, 4.70847, 7200, 0, 0, 6141, 0, 0, 0, 0, 0, 0),
(@CGUID+391, 51462, 36, 0, 0, 6, 0, 0, 1418, 0, -291.012, -482.49, 49.8879, 3.52556, 7200, 0, 0, 8, 0, 0, 0, 0, 0, 0),
(@CGUID+392, 51462, 36, 0, 0, 6, 0, 0, 1141, 0, -290.448, -484.328, 49.8879, 3.52556, 7200, 0, 0, 8, 0, 0, 0, 0, 0, 0),
(@CGUID+393, 51462, 36, 0, 0, 6, 0, 0, 1141, 0, -288.988, -483.201, 49.8879, 3.52556, 7200, 0, 0, 8, 0, 0, 0, 0, 0, 0),
(@CGUID+394, 51462, 36, 0, 0, 6, 0, 0, 1141, 0, -293.786, -483.819, 49.1596, 3.52556, 7200, 0, 0, 8, 0, 0, 0, 0, 0, 0),
(@CGUID+395, 51462, 36, 0, 0, 6, 0, 0, 1141, 0, -286.944, -482.965, 49.8879, 3.52556, 7200, 0, 0, 8, 0, 0, 0, 0, 0, 0),
(@CGUID+396, 51462, 36, 0, 0, 6, 0, 0, 1141, 0, -288.165, -484.811, 49.8879, 3.52556, 7200, 0, 0, 8, 0, 0, 0, 0, 0, 0),
(@CGUID+397, 51462, 36, 0, 0, 6, 0, 0, 1141, 0, -289.672, -487.222, 49.8879, 3.52556, 7200, 0, 0, 8, 0, 0, 0, 0, 0, 0),
(@CGUID+398, 51462, 36, 0, 0, 6, 0, 0, 2176, 0, -291.99, -486.26, 49.8879, 3.52556, 7200, 0, 0, 8, 0, 0, 0, 0, 0, 0),
(@CGUID+399, 51462, 36, 0, 0, 6, 0, 0, 1141, 0, -290.905, -486.493, 49.8879, 3.52556, 7200, 0, 0, 8, 0, 0, 0, 0, 0, 0),
(@CGUID+400, 49457, 36, 0, 0, 6, 0, 0, 36493, 0, -212.352, -575.398, 37.3316, 5.70723, 7200, 0, 0, 42, 0, 0, 0, 0, 0, 0),
(@CGUID+401, 49454, 36, 0, 0, 6, 0, 0, 11686, 0, -205.757, -579.097, 42.9862, 0, 7200, 0, 0, 6141, 0, 0, 0, 0, 0, 0),
(@CGUID+402, 49457, 36, 0, 0, 6, 0, 0, 36493, 0, -199.194, -583.154, 37.3316, 2.60054, 7200, 0, 0, 42, 0, 0, 0, 0, 0, 0),
(@CGUID+403, 49457, 36, 0, 0, 6, 0, 0, 36493, 0, -201.809, -572.622, 37.3316, 4.17134, 7200, 0, 0, 42, 0, 0, 0, 0, 0, 0),
(@CGUID+404, 49457, 36, 0, 0, 6, 0, 0, 36493, 0, -209.682, -585.892, 37.3316, 0.959931, 7200, 0, 0, 42, 0, 0, 0, 0, 0, 0),
(@CGUID+405, 46614, 36, 0, 0, 6, 0, 0, 32776, 0, -65.5035, -352.451, 55.5116, 2.9147, 7200, 0, 0, 1210, 0, 0, 0, 0, 0, 0), -- 140
(@CGUID+406, 46614, 36, 0, 0, 6, 0, 0, 32775, 0, -67.6649, -391.128, 53.8918, 2.54818, 7200, 0, 0, 1210, 0, 0, 0, 0, 0, 0),
(@CGUID+407, 46613, 36, 0, 0, 6, 0, 0, 23408, 0, -66.467, -399.774, 54.5068, 1.92549, 7200, 0, 0, 562, 0, 2, 0, 0, 0, 0), -- 141
(@CGUID+408, 50595, 36, 0, 0, 6, 0, 0, 5446, 1, -20.4427, -381.738, 61.2574, 5.39307, 7200, 0, 0, 484, 0, 0, 0, 0, 0, 0),
(@CGUID+409, 46613, 36, 0, 0, 6, 0, 0, 23408, 0, -46.3871, -375.625, 55.5072, 1.77465, 7200, 0, 0, 562, 0, 2, 0, 0, 0, 0), -- 142
(@CGUID+410, 46613, 36, 0, 0, 6, 0, 0, 23408, 0, -56.1597, -381.604, 54.2186, 0.916678, 7200, 0, 0, 562, 0, 2, 0, 0, 0, 0), -- 143
(@CGUID+411, 46613, 36, 0, 0, 6, 0, 0, 23408, 0, -18.7778, -375.767, 60.9287, 5.98081, 7200, 0, 0, 562, 0, 2, 0, 0, 0, 0), -- 144
(@CGUID+412, 491, 36, 0, 0, 6, 0, 0, 3342, 1, -60.6806, -406.563, 55.2114, 1.76278, 7200, 0, 0, 484, 0, 0, 0, 0, 0, 0),
(@CGUID+413, 46613, 36, 0, 0, 6, 0, 0, 23408, 0, -47.2049, -391.17, 55.8687, 1.17221, 7200, 0, 0, 562, 0, 2, 0, 0, 0, 0), -- 145
(@CGUID+414, 50595, 36, 0, 0, 6, 0, 0, 3167, 1, -82.6979, -371.33, 57.0672, 3.45575, 7200, 0, 0, 484, 0, 0, 0, 0, 0, 0),
(@CGUID+415, 46614, 36, 0, 0, 6, 0, 0, 32775, 0, -47.5799, -395.679, 55.5444, 5.60251, 7200, 0, 0, 1210, 0, 0, 0, 0, 0, 0), -- 146
(@CGUID+416, 50595, 36, 0, 0, 6, 0, 0, 5446, 1, -81.8646, -379.493, 56.3603, 2.9147, 7200, 0, 0, 484, 0, 0, 0, 0, 0, 0),
(@CGUID+417, 50595, 36, 0, 0, 6, 0, 0, 3167, 1, -47.5174, -384.691, 55.6103, 0.785398, 7200, 0, 0, 484, 0, 0, 0, 0, 0, 0), -- 147
(@CGUID+418, 46612, 36, 0, 0, 6, 0, 0, 32774, 0, -71.3333, -406.488, 55.1161, 0.890118, 7200, 0, 0, 2865, 0, 0, 0, 0, 0, 0),
(@CGUID+419, 50595, 36, 0, 0, 6, 0, 0, 3167, 1, -11.1354, -378.773, 61.4627, 4.57276, 7200, 0, 0, 484, 0, 0, 0, 0, 0, 0),
(@CGUID+420, 46614, 36, 0, 0, 6, 0, 0, 32775, 0, -50.1111, -371.186, 55.3895, 1.90241, 7200, 0, 0, 1210, 0, 0, 0, 0, 0, 0), -- 148
(@CGUID+421, 53488, 36, 0, 0, 6, 0, 0, 16925, 0, -17.8333, -380.266, 61.0198, 2.82743, 300, 0, 0, 12600, 0, 0, 0, 0, 0, 0),
(@CGUID+422, 53488, 36, 0, 0, 6, 0, 0, 16925, 0, -34.3038, -374.941, 58.9365, 2.82743, 300, 0, 0, 12600, 0, 0, 0, 0, 0, 0),
(@CGUID+423, 53488, 36, 0, 0, 6, 0, 0, 16925, 0, -53.2951, -377.964, 54.4068, 2.82743, 300, 0, 0, 12600, 0, 0, 0, 0, 0, 0),
(@CGUID+424, 53488, 36, 0, 0, 6, 0, 0, 16925, 0, -56.3576, -395.175, 54.7245, 2.82743, 300, 0, 0, 12600, 0, 0, 0, 0, 0, 0),
(@CGUID+425, 53488, 36, 0, 0, 6, 0, 0, 16925, 0, -75.8715, -375.174, 54.9733, 2.82743, 300, 0, 0, 12600, 0, 0, 0, 0, 0, 0),
(@CGUID+426, 51335, 36, 0, 0, 6, 0, 0, 11686, 0, -289.966, -479.01, 49.368, 3.11686, 300, 0, 0, 42, 0, 0, 0, 0, 0, 0),
(@CGUID+427, 48445, 36, 0, 0, 6, 0, 0, 30262, 1, -301.9776, -505.963, 49.433, 0.148095, 7200, 0, 0, 1806, 326, 0, 0, 0, 0, 0), -- 150
(@CGUID+428, 48445, 36, 0, 0, 6, 0, 0, 30262, 1, -276.9211, -501.2, 49.796, 3.560654, 7200, 0, 0, 1806, 326, 0, 0, 0, 0, 0), -- 151
(@CGUID+429, 48419, 36, 0, 0, 6, 0, 0, 2438, 1, -285.7058, -568.935, 49.3223, 6.164480, 7200, 0, 0, 300, 0, 0, 0, 0, 0, 0),
(@CGUID+430, 48419, 36, 0, 0, 6, 0, 0, 2438, 1, -295.617828, -583.863159, 48.657822, 5.868490, 7200, 0, 0, 300, 0, 0, 0, 0, 0, 0);

DELETE FROM `linked_respawn` WHERE `guid` IN (79127,79128,79129,79130,79131,79133,79134,79135,79136,79137,79138,79139,79140,79142,79143,79144,79145,79146,79148,79149,79151,79152,79154,79155,79156,79157,79158,79159,79160,79161,79162,79163,79164,79165,79167,79169,79170,79171,79172,79173,79174,79175,79176,79177,79178,79179,79180,79181,79182,79183,79184,79185,79187,79188,79189,79190,79191,79192,79193,79194,79195,79196,79197,79198,79199,79200,79201,79202,79203,79204,79205,79207,79208,79209,79210,79211,79212,79213,79214,79215,79216,79217,79218,79219,79220,79221,79222,79224,79225,79226,79227,79229,79230,79231,79232,79233,79234,79235,79236,79237,79238,79239,79240,79241,79242,79243,79244,79245,79247,79248,79249,79250,79251,79252,79253,79258,79259,79260,79261,79271,79273,79277,79280,79281,79283,79284,79285,79288,79289,79290,79291,79292,79294,79296,79297,79299,79300,79301,79302,79304,79305,79306,79307,79308,79309,79310,79311,79313,79314,79315,79316,79317,79319,79320,79321,79322,79323,79324,79325,79326,79327,79328,79329,79330,79332,79334,79335,79338,79340,79341,79342,79343,79345,79346,79347,79348,79349,79350,79351,79352,79353,79354,79355,79356,79358,79360,79361,79368,79370,79373,79374,79376,79377,79378,79379,79380,79383,79384,79385,79388,79389,79390,84079); -- From old spawns
DELETE FROM `creature_addon` WHERE `guid` IN (79260, 79223, 79333, 79344); -- From old spawns
DELETE FROM `creature_addon` WHERE `guid` IN (@CGUID+295,@CGUID+294,@CGUID+293,@CGUID+291,@CGUID+292,@CGUID+285,@CGUID+284,@CGUID+278,@CGUID+275,@CGUID+274,@CGUID+272,@CGUID+271,@CGUID+268,@CGUID+267,@CGUID+257,@CGUID+249,@CGUID+246,@CGUID+245,@CGUID+243,@CGUID+240,@CGUID+231,@CGUID+225,@CGUID+224,@CGUID+223,@CGUID+222,@CGUID+221,@CGUID+217,@CGUID+196,@CGUID+195,@CGUID+194,@CGUID+193,@CGUID+189,@CGUID+188,@CGUID+187,@CGUID+186,@CGUID+184,@CGUID+183,@CGUID+168,@CGUID+165,@CGUID+141,@CGUID+140,@CGUID+138,@CGUID+137,@CGUID+134,@CGUID+133,@CGUID+132,@CGUID+129,@CGUID+125,@CGUID+124,@CGUID+123,@CGUID+115,@CGUID+114,@CGUID+105,@CGUID+101,@CGUID+99, @CGUID+70, @CGUID+65, @CGUID+60, @CGUID+57, @CGUID+43, @CGUID+34, @CGUID+26, @CGUID+23, @CGUID+6, @CGUID+4, @CGUID+3, @CGUID+2, @CGUID+0, @CGUID+345,@CGUID+405,@CGUID+407,@CGUID+409,@CGUID+410,@CGUID+411,@CGUID+413,@CGUID+415,@CGUID+417,@CGUID+420,@CGUID+427,@CGUID+428);
INSERT INTO `creature_addon` (`guid`, `path_id`, `mount`, `bytes1`, `bytes2`, `emote`, `auras`) VALUES
(@CGUID+295, 0, 0, 0, 1, 333, ""), -- 45
(@CGUID+294, 0, 0, 0, 1, 375, ""), -- 46
(@CGUID+293, 0, 0, 0, 1, 375, ""), -- 47
(@CGUID+291, 0, 0, 0, 1, 431, "78087"), -- 48
(@CGUID+292, 0, 0, 0, 1, 0, "78087"), -- 49
(@CGUID+285, 0, 0, 0, 1, 431, "78087"), -- 50
(@CGUID+284, 0, 0, 0, 1, 431, "78087"), -- 51
(@CGUID+278, 0, 0, 1, 1, 0, ""), -- 52
(@CGUID+275, 0, 0, 0, 1, 69, ""), -- 53
(@CGUID+274, (@CGUID+274)*10, 0, 0, 0, 0, ""), -- 54
(@CGUID+272, 0, 0, 1, 1, 0, ""), -- 55
(@CGUID+271, 0, 0, 0, 1, 333, ""), -- 56
(@CGUID+268, 0, 0, 0, 1, 69, ""), -- 57
(@CGUID+267, (@CGUID+267)*10, 0, 0, 0, 0, "89842"), -- 58
(@CGUID+257, (@CGUID+257)*10, 0, 0, 0, 0, ""), -- 59
(@CGUID+249, 0, 0, 1, 1, 0, ""), -- 60
(@CGUID+246, 0, 0, 0, 1, 233, ""), -- 61
(@CGUID+245, (@CGUID+245)*10, 0, 0, 0, 0, ""), -- 62
(@CGUID+243, (@CGUID+243)*10, 0, 0, 0, 0, ""), -- 63
(@CGUID+240, 0, 0, 0, 1, 233, ""), -- 64
(@CGUID+231, 0, 0, 0, 1, 333, ""), -- 65
(@CGUID+225, 0, 0, 0, 1, 333, ""), -- 66
(@CGUID+224, 0, 0, 0, 1, 333, ""), -- 67
(@CGUID+222, 0, 0, 0, 1, 233, ""), -- 69
(@CGUID+221, (@CGUID+221)*10, 0, 0, 0, 0, ""), -- 70
(@CGUID+217, (@CGUID+217)*10, 0, 0, 0, 0, ""), -- 71
(@CGUID+196, 0, 0, 0, 1, 333, ""), -- 74
(@CGUID+195, (@CGUID+195)*10, 0, 0, 0, 0, ""), -- 75
(@CGUID+194, 0, 0, 0, 1, 333, ""), -- 76
(@CGUID+193, 0, 0, 0, 1, 69, ""), -- 77
(@CGUID+189, (@CGUID+189)*10, 0, 0, 0, 0, ""), -- 78
(@CGUID+188, 0, 0, 0, 1, 233, ""), -- 79
(@CGUID+187, 0, 0, 0, 1, 234, ""), -- 80
(@CGUID+186, 0, 0, 0, 1, 233, ""), -- 81
(@CGUID+184, 0, 0, 0, 1, 233, ""), -- 82
(@CGUID+183, 0, 0, 0, 1, 233, ""), -- 83
(@CGUID+168, (@CGUID+168)*10, 0, 0, 0, 0, ""), -- 86
(@CGUID+165, 0, 0, 0, 1, 0, "92001"), -- 88
(@CGUID+141, (@CGUID+141)*10, 0, 0, 0, 0, ""), -- 90
(@CGUID+140, 0, 0, 0, 1, 333, ""), -- 91
(@CGUID+138, (@CGUID+138)*10, 0, 0, 0, 0, ""), -- 92
(@CGUID+137, 0, 0, 0, 1, 333, ""), -- 93
(@CGUID+134, 0, 0, 1, 1, 0, ""), -- 94
(@CGUID+133, 0, 0, 0, 1, 0, "90954"), -- 95
(@CGUID+132, 0, 0, 0, 1, 0, "90954"), -- 96
(@CGUID+125, 0, 0, 0, 1, 233, ""), -- 100
(@CGUID+124, (@CGUID+124)*10, 0, 0, 0, 0, "89842"), -- 101
(@CGUID+123, 0, 0, 0, 1, 234, ""), -- 102
(@CGUID+115, 0, 0, 0, 1, 0, "88906 89706"), -- 104
(@CGUID+114, 0, 0, 0, 1, 0, "78677"), -- none
(@CGUID+105, (@CGUID+105)*10, 0, 0, 0, 0, ""), -- 106
(@CGUID+101, (@CGUID+101)*10, 0, 0, 0, 0, ""), -- 107
(@CGUID+99, (@CGUID+99)*10, 0, 0, 0, 0, ""), -- 108
(@CGUID+70, (@CGUID+70)*10, 0, 0, 0, 0, ""), -- 110
(@CGUID+65, 0, 0, 0, 1, 0, "90954"), -- 111
(@CGUID+60, 0, 0, 0, 1, 0, "90954"), -- 112
(@CGUID+57, 0, 0, 0, 1, 233, ""), -- 113
(@CGUID+43, (@CGUID+43)*10, 0, 0, 0, 0, ""), -- 115
(@CGUID+34, 0, 0, 0, 1, 0, "87239 88348"), -- 117
(@CGUID+26, (@CGUID+26)*10, 0, 0, 0, 0, ""), -- 118
(@CGUID+23, (@CGUID+23)*10, 0, 0, 0, 0, ""), -- 119
(@CGUID+6, (@CGUID+6)*10, 0, 0, 0, 0, ""), -- 123
(@CGUID+4, (@CGUID+4)*10, 0, 0, 0, 0, ""), -- 124
(@CGUID+3, (@CGUID+3)*10, 0, 0, 0, 0, ""), -- 125
(@CGUID+2, (@CGUID+2)*10, 0, 0, 0, 0, ""), -- 126
(@CGUID+0, (@CGUID+0)*10, 0, 0, 0, 0, ""), -- 127
(@CGUID+345, (@CGUID+345)*10, 0, 0, 0, 0, ""), -- 128
(@CGUID+405, 0, 0, 8, 1, 0, ""), -- 140
(@CGUID+407, (@CGUID+407)*10, 0, 0, 0, 0, ""), -- 141
(@CGUID+409, (@CGUID+409)*10, 0, 0, 0, 0, ""), -- 142
(@CGUID+410, (@CGUID+410)*10, 0, 0, 0, 0, ""), -- 143
(@CGUID+411, (@CGUID+411)*10, 0, 0, 0, 0, ""), -- 144
(@CGUID+413, (@CGUID+413)*10, 0, 0, 0, 0, ""), -- 145
(@CGUID+415, 0, 0, 8, 1, 0, ""), -- 146
(@CGUID+417, 0, 0, 0, 1, 0, ""), -- 147
(@CGUID+420, 0, 0, 8, 1, 0, ""), -- 148
(@CGUID+427, 0, 0, 0, 1, 455, ""), -- 150
(@CGUID+428, 0, 0, 0, 1, 455, ""); -- 151

DELETE FROM `creature_template_addon` WHERE `entry` IN (48823, 48826, 48827, 48824, 48440, 48810, 48940, 4075, 48276, 46889, 46902, 46903, 46890, 48006, 46906, 48672, 48302, 48298, 48297, 48300, 48295, 48296, 47739, 47242, 45979, 48502, 48505, 48417, 48439, 48280, 47314, 48447, 48266, 48522, 48451, 48521, 48446, 48343, 48342, 48341, 48340, 48338, 48279, 48440, 48445, 48442, 48278, 48441, 48284, 47282, 47677, 47284, 48419, 48421, 48450, 48229, 47162, 48418, 47404, 47403, 48351, 48230, 48262, 48420, 47626, 47296, 47297, 43778, 51624, 49208, 49552, 48974, 48975, 48976, 49039, 49041, 49040, 49042, 49139, 49138, 49136, 49137, 51462, 49229, 48299, 48294, 48293, 49564, 49429, 49457, 49454, 49670, 49671, 49674, 49494, 49495, 49681, 49520, 49521, 49682, 49534, 49532, 49535, 49539, 49536, 49541, 49550, 46614, 46613, 50595, 491, 46612, 657, 1732, 3947, 647, 645, 646, 636, 42700, 42697, 42698, 42371, 598, 3586, 53488, 51335, 639, 48834, 48811, 48420);
INSERT INTO `creature_template_addon` (`entry`, `path_id`, `mount`, `bytes1`, `bytes2`, `emote`, `auras`) VALUES
(4075, 0, 0, 0, 1, 0, ""),
(48276, 0, 0, 0, 1, 0, ""),
(46889, 0, 0, 0, 1, 0, ""),
(46902, 0, 0, 0, 1, 0, ""),
(46903, 0, 0, 0, 1, 0, ""),
(46890, 0, 0, 0, 1, 433, "86603"),
(48006, 0, 0, 0, 1, 0, ""),
(46906, 0, 0, 0, 1, 0, ""),
(48672, 0, 0, 0, 1, 0, ""),
(48302, 0, 0, 0, 1, 0, ""),
(48298, 0, 0, 0, 1, 0, ""),
(48297, 0, 0, 0, 1, 0, ""),
(48300, 0, 0, 0, 1, 0, ""),
(48295, 0, 0, 0, 1, 0, ""),
(48296, 0, 0, 0, 1, 0, ""),
(47739, 0, 0, 0, 1, 0, "89339 88873"),
(47242, 0, 0, 0, 1, 0, ""),
(45979, 0, 0, 0, 1, 0, ""),
(48502, 0, 0, 0, 1, 333, ""),
(48505, 0, 0, 0, 1, 0, "90955"),
(48417, 0, 0, 0, 1, 0, "90389"),
(48439, 0, 0, 0, 1, 0, "70628"),
(48280, 0, 0, 0, 1, 0, "70628"),
(47314, 0, 0, 0, 1, 0, ""),
(48447, 0, 0, 50331648, 1, 0, ""),
(48266, 0, 0, 0, 1, 0, ""),
(48522, 0, 0, 0, 1, 0, ""),
(48451, 0, 0, 0, 1, 0, ""),
(48521, 0, 0, 0, 1, 0, ""),
(48446, 0, 0, 0, 1, 0, "90101"),
(48343, 0, 0, 0, 1, 0, ""),
(48342, 0, 0, 0, 1, 0, ""),
(48341, 0, 0, 0, 1, 0, ""),
(48340, 0, 0, 0, 1, 0, ""),
(48338, 0, 0, 0, 1, 0, "89842"),
(48279, 0, 0, 0, 1, 0, ""),
(48440, 0, 0, 0, 1, 233, ""),
(48823, 0, 0, 0, 1, 233, ""),
(48826, 0, 0, 0, 1, 233, ""),
(48824, 0, 0, 0, 1, 233, ""),
(48827, 0, 0, 0, 1, 233, ""),
(48445, 0, 0, 0, 1, 0, ""),
(48442, 0, 0, 0, 1, 233, ""),
(48278, 0, 0, 0, 1, 233, ""),
(48441, 0, 0, 0, 1, 233, ""),
(48284, 0, 0, 0, 1, 0, ""),
(47282, 0, 0, 0, 1, 0, ""),
(47677, 0, 0, 0, 1, 0, ""),
(47284, 0, 0, 0, 1, 0, ""),
(48419, 0, 0, 0, 1, 233, ""),
(48811, 0, 0, 0, 1, 233, ""),
(48421, 0, 0, 0, 1, 0, ""),
(48450, 0, 0, 50331648, 1, 0, ""),
(48229, 0, 0, 0, 1, 233, ""),
(48834, 0, 0, 0, 1, 233, ""),
(47162, 0, 0, 0, 1, 0, ""),
(48418, 0, 0, 0, 1, 0, ""),
(47404, 0, 0, 0, 1, 0, ""),
(47403, 0, 0, 0, 1, 0, ""),
(48351, 0, 0, 0, 1, 0, "89842"),
(48230, 0, 0, 0, 1, 0, ""),
(48262, 0, 0, 0, 1, 0, ""),
(48420, 0, 0, 0, 1, 233, ""),
(48810, 0, 0, 0, 1, 233, ""),
(47626, 0, 0, 0, 1, 0, "88736"),
(47296, 0, 0, 0, 1, 0, "90546"),
(48940, 0, 0, 0, 1, 0, "90546"),
(47297, 0, 0, 0, 1, 0, ""),
(43778, 0, 0, 0, 1, 0, "87239 24263"),
(51624, 0, 0, 0, 1, 0, ""),
(49208, 0, 0, 0, 1, 0, "87239 91731"),
(49552, 0, 0, 0, 1, 0, ""),
(48974, 0, 0, 50331648, 1, 0, ""),
(48975, 0, 0, 50331648, 1, 0, ""),
(48976, 0, 0, 50331648, 1, 0, ""),
(49039, 0, 0, 50331648, 1, 0, ""),
(49041, 0, 0, 50331648, 1, 0, ""),
(49040, 0, 0, 50331648, 1, 0, ""),
(49042, 0, 0, 50331648, 1, 0, ""),
(49139, 0, 0, 0, 1, 0, ""),
(49138, 0, 0, 0, 1, 0, ""),
(49136, 0, 0, 0, 1, 0, ""),
(49137, 0, 0, 0, 1, 0, ""),
(51462, 0, 0, 0, 1, 0, ""),
(49229, 0, 0, 33554432, 1, 0, ""),
(48299, 0, 0, 0, 1, 0, ""),
(48294, 0, 0, 0, 1, 0, ""),
(48293, 0, 0, 0, 1, 0, ""),
(49564, 0, 0, 50331648, 1, 0, "92376"),
(49429, 0, 0, 0, 1, 0, "89279"),
(49457, 0, 0, 0, 1, 0, "95514 92399"),
(49454, 0, 0, 0, 1, 0, ""),
(49670, 0, 0, 0, 1, 431, "48143 69676"),
(49671, 0, 0, 0, 1, 0, "48143 69676"),
(49674, 0, 0, 0, 1, 431, "48143 69676"),
(49494, 0, 0, 0, 1, 0, ""),
(49495, 0, 0, 0, 1, 0, ""),
(49681, 0, 0, 0, 1, 0, "48143 69676 88348"),
(49520, 0, 0, 50331648, 1, 0, "95519"),
(49521, 0, 0, 50331648, 1, 0, "92277"),
(49682, 0, 0, 0, 1, 431, "48143 69676"),
(49534, 0, 0, 0, 1, 431, ""),
(49532, 0, 0, 0, 1, 0, ""),
(49535, 0, 0, 0, 1, 431, ""),
(49539, 0, 0, 0, 1, 468, ""),
(49536, 0, 0, 0, 1, 0, "92608"),
(49541, 0, 0, 0, 1, 333, ""),
(49550, 0, 0, 0, 1, 0, "95527"),
(46614, 0, 0, 0, 1, 0, ""),
(46613, 0, 0, 0, 1, 0, ""),
(50595, 0, 0, 0, 1, 333, ""),
(491, 0, 0, 0, 1, 0, ""),
(46612, 0, 0, 0, 1, 0, ""),
(657, 0, 0, 0, 1, 0, "29266"),
(1732, 0, 0, 0, 1, 0, "29266"),
(3947, 0, 0, 0, 1, 0, "29266"),
(647, 0, 0, 0, 1, 0, "29266"),
(645, 0, 0, 0, 1, 0, "29266"),
(646, 0, 0, 0, 1, 0, "29266 6433"),
(636, 0, 0, 0, 1, 0, "29266"),
(42700, 0, 0, 0, 1, 0, ""),
(42697, 0, 0, 0, 1, 0, ""),
(42698, 0, 0, 0, 1, 0, ""),
(42371, 0, 0, 0, 1, 0, ""),
(598, 0, 0, 0, 4097, 233, ""),
(3586, 0, 0, 0, 4097, 233, ""),
(53488, 0, 0, 0, 1, 0, "99201"),
(51335, 0, 0, 0, 1, 0, ""),
(639, 0, 0, 0, 4097, 0, "");


DELETE FROM `instance_spawn_groups` WHERE `spawnGroupId` IN (409, 410);
INSERT INTO `instance_spawn_groups` (`instanceMapId`, `bossStateId`, `bossStates`, `spawnGroupId`, `flags`) VALUES
(36, 4, 0x1 | 0x2 | 0x4 | 0x8, 409, 0x1 | 0x4),
(36, 4, 0x1 | 0x2 | 0x4 | 0x8, 410, 0x1 | 0x8);

DELETE FROM `spell_script_names` WHERE `ScriptName`= 'spell_helix_ride_vehicle';
INSERT INTO `spell_script_names` (`spell_id`, `ScriptName`) VALUES
(88360, 'spell_helix_ride_vehicle');

UPDATE `gameobject_template` SET `ScriptName`= 'go_deadmines_defias_cannon' WHERE `entry`= 16398;

DELETE FROM `creature_text` WHERE `CreatureID`= 45979 AND `GroupID`= 2;
INSERT INTO `creature_text` (`CreatureID`, `GroupID`, `ID`, `Text`, `Type`, `Language`, `Probability`, `Emote`, `Duration`, `Sound`, `BroadcastTextId`, `Comment`) VALUES
(45979, 2, 0, 'The cannon was rigged with an explosive trap!', 41, 0, 100, 0, 0, 0, 48790, 'General Purpose Bunny JMF to Player');

UPDATE `creature_template` SET `DamageModifier`= 120, `flags_extra`= `flags_extra` | 1 WHERE `entry`= 48936;
UPDATE `creature_template` SET `unit_flags`= 32832 WHERE `entry`= 47296;
UPDATE `creature_template` SET `DamageModifier`= 60, `BaseVariance`= 0.5, `mingold`= 10000, `maxgold`= 15000 WHERE `entry` IN (48829, 48830);
UPDATE `creature_template` SET `DamageModifier`= 60, `BaseVariance`= 0.5 WHERE `entry`= 48804;
UPDATE `creature_template` SET `mingold`= 20000, `maxgold`= 25000 WHERE `entry` IN (48940, 48943, 48944);
UPDATE `creature_template` SET `DamageModifier`= 10, `BaseVariance`= 0.5, `mingold`= 10000, `maxgold`= 15000 WHERE `entry` IN (48834, 48823, 48824, 48826, 48811);
UPDATE `creature_template` SET `DamageModifier`= 10, `BaseVariance`= 0.5 WHERE `entry`= 48447;
UPDATE `creature_template` SET `InhabitType`= 4  WHERE `entry` IN (48505, 48447);
UPDATE `creature_template` SET `DamageModifier`= 60, `BaseVariance`= 0.5,  `mingold`= 20000, `maxgold`= 25000 WHERE `entry` IN (48936, 48941);
UPDATE `creature_template` SET `DamageModifier`= 30, `BaseVariance`= 0.5, `mingold`= 10000, `maxgold`= 15000 WHERE `entry` IN (48819, 48821, 48814, 48812, 48914, 48787, 48792, 48791, 48777, 48778);


DELETE FROM `spawn_group_template` WHERE `groupId` IN (409, 410);
INSERT INTO `spawn_group_template` (`groupId`, `groupName`, `groupFlags`) VALUES
(409, 'The Deadmines - Alliance Entrance', 4),
(410, 'The Deadmines - Horde Entrance', 4);

DELETE FROM `spawn_group` WHERE `groupId` IN (409, 410);
INSERT INTO `spawn_group` (`groupId`, `spawnType`, `spawnId`) VALUES
(409, 0, 376219),
(409, 0, 376230),
(409, 0, 376222),
(409, 0, 376220),
(409, 0, 376228),
(409, 0, 376224),
(409, 0, 376231),
(409, 0, 376226),
(409, 0, 376223),
(409, 0, 376217),
(409, 0, 376229),
(409, 0, 376216),
(409, 0, 376227),
(409, 0, 376225),
(409, 0, 376221),
(409, 0, 376218),
(410, 0, 376071),
(410, 0, 376076),
(410, 0, 376074),
(410, 0, 376069),
(410, 0, 376070),
(410, 0, 376073),
(410, 0, 376075),
(410, 0, 376092),
(410, 0, 376072),
(410, 0, 376077);

-- Template Updates
-- Vanessa VanCleef
UPDATE `creature_template` SET `ScriptName`= 'boss_vanessa_van_cleef', `DamageModifier`= 60, `mechanic_immune_mask`= 617299839, `mingold`= 19000, `maxgold`= 20000, `flags_extra`= `flags_extra` | 2048 WHERE `entry`= 49541;
-- Vanessa VanCleef (Intro)
UPDATE `creature_template` SET `ScriptName`= 'npc_vanessa_vanessa_van_cleef' WHERE `entry`= 49429;
-- A Note from Vanessa
UPDATE `creature_template` SET `gossip_menu_id`= 12504, `ScriptName`= 'npc_vanessa_note_from_vanessa' WHERE `entry`= 49564;
-- Magma Trap creatures
UPDATE `creature_template` SET `InhabitType`= 4 WHERE `entry` IN (49454, 51624);
-- Vanessa's Trap Bunny
UPDATE `creature_template` SET `ScriptName`= 'npc_deadmines_vanessas_trap_bunny' WHERE `entry`= 49454;
-- Steam Valve
UPDATE `creature_template` SET `npcflag`= 16777216, `ScriptName`= 'npc_deadmines_steam_valve' WHERE `entry`= 49457;
-- Vanessa VanCleef Nightmare
UPDATE `creature_template` SET `ScriptName`= 'npc_deadmines_vanessa_van_cleef_nightmare' WHERE `entry`= 49671;
-- Glubtok Nightmare Fire Bunny
UPDATE `creature_template` SET `flags_extra`= 131 WHERE `entry`= 51594;
-- Collapsing Icicle
UPDATE `creature_template` SET `unit_flags`= 33587200, `flags_extra`= 131 WHERE `entry` IN (49481, 57866);
-- Glubtok Nightmare Illusion
UPDATE `creature_template` SET `DamageModifier`= 42.2, `mechanic_immune_mask`= 617299839 WHERE `entry`= 49670;
-- Helix Gearbreaker Illusion
UPDATE `creature_template` SET `unit_flags`= 33600, `DamageModifier`= 10, `mechanic_immune_mask`= 617299839, `ScriptName`= 'npc_deadmines_helix_nightmare' WHERE `entry`= 49674;
-- Lightning Platters
UPDATE `creature_template` SET `InhabitType`= 4, `flags_extra`= 128 WHERE `entry` IN (49520, 49521);
-- Foe Reaper 5000 Illusion
UPDATE `creature_template` SET `DamageModifier`= 42.2, `mechanic_immune_mask`= 617299839 WHERE `entry` = 49681;
-- James Harrington
UPDATE `creature_template` SET `VehicleId`= 1403 WHERE `entry`= 49539;
-- Enraged Worgen
UPDATE `creature_template` SET `DamageModifier`= 35 WHERE `entry`= 49532;
-- Defias Enforcer
UPDATE `creature_template` SET `difficulty_entry_1`= 49851 WHERE `entry`= 49850;
UPDATE `creature_template` SET `minlevel`= 87, `maxlevel`= 87, `exp`= 3, `DamageModifier`= 10 WHERE `entry`= 49851;
-- Defias Shadowguard
UPDATE `creature_template` SET `difficulty_entry_1`= 49853, `unit_class`= 4 WHERE `entry`= 49852;
UPDATE `creature_template` SET `minlevel`= 87, `maxlevel`= 87, `exp`= 3, `unit_class`= 4, `DamageModifier`= 10 WHERE `entry`= 49853;
-- Defias Blood Wizard
UPDATE `creature_template` SET `difficulty_entry_1`= 49855 WHERE `entry`= 49854;
UPDATE `creature_template` SET `minlevel`= 87, `maxlevel`= 87, `exp`= 3, `DamageModifier`= 10 WHERE `entry`= 49855;
-- Vanessa's Rope Anchor
UPDATE `creature_template` SET `InhabitType`= 4, `flags_extra`= 128 WHERE `entry`= 49552;
-- Rope
UPDATE `creature_template` SET `ScriptName`= 'npc_vanessa_rope' WHERE `entry`= 49550;
-- Glubtok Nightmare Fire Bunny
UPDATE `creature_template` SET `flags_extra`= 131 WHERE `entry`= 51594;
-- Vanessa Lightning Wall Platter
UPDATE `creature_template` SET `npcflag`= 16777216 WHERE `entry`= 49520;
-- James Harrington
UPDATE `creature_template` SET `lootid`= 0 WHERE `entry`= 49539;

DELETE FROM `creature_loot_template` WHERE `entry`= 49539;

DELETE FROM `npc_spellclick_spells` WHERE `npc_entry`= 49550;
INSERT INTO `npc_spellclick_spells` (`npc_entry`, `spell_id`, `cast_flags`, `user_type`) VALUES
(49550, 89731, 1, 0);

-- Template Addons
DELETE FROM `creature_template_addon` WHERE `entry` IN (49564, 51594, 49671, 49670, 92201);
INSERT INTO `creature_template_addon` (`entry`, `bytes1`, `auras`) VALUES
(49564, 0, '92376'),
(51594, 0, '92169'),
(49671, 0, '48143'),
(49670, 0, '48143 69676');

UPDATE `creature_template_addon` SET `auras`= '94557' WHERE `entry`= 49457;

-- Remove encounter related spawns
DELETE FROM `creature` WHERE `guid` IN (376214, 376211, 376215, 376213);

-- Gossip
DELETE FROM `gossip_menu_option` WHERE (`MenuId`=12504 AND `OptionID`=0);
INSERT INTO `gossip_menu_option` (`MenuId`, `OptionID`, `OptionIcon`, `OptionText`, `OptionBroadcastTextId`, `OptionType`, `OptionNpcFlag`, `ActionMenuID`) VALUES
(12504, 0, 0, 'Continue reading... <Note: This will alert Vanessa to your presence!>', 49641, 1, 1, 12505);

-- Texts
DELETE FROM `creature_text` WHERE `CreatureID` IN (49429, 49564, 49454, 49671, 49674, 49539, 49536, 49541);
DELETE FROM `creature_text` WHERE `CreatureID`= 45979 AND `GroupID` NOT IN (0, 1, 2, 3);
INSERT INTO `creature_text` (`CreatureID`, `GroupID`, `ID`, `Text`, `Type`, `Language`, `Probability`, `Emote`, `Duration`, `Sound`, `BroadcastTextId`, `Comment`) VALUES
-- Vanessa VanCleef Intro
(49429, 0, 0, 'You hear a noise from above the cabin door!', 41, 0, 100, 0, 0, 0, 49476, 'Vanessa van Cleef to Player'),
(49429, 1, 0, 'I''ve been waiting a long time for this, you know.', 12, 0, 100, 1, 0, 24613, 49477, 'Vanessa van Cleef to Player'),
(49429, 2, 0, 'Biding my time, building my forces, studying the minds of my enemies.', 12, 0, 100, 1, 0, 24614, 49478, 'Vanessa van Cleef to Player'),
(49429, 3, 0, 'I was never very good at hand-to-hand combat, you know.  Not like my father.', 12, 0, 100, 1, 0, 24615, 49479, 'Vanessa van Cleef to Player'),
(49429, 4, 0, 'But I always excelled at poisons.', 12, 0, 100, 1, 0, 24616, 49480, 'Vanessa van Cleef to Player'),
(49429, 5, 0, 'Especially venoms that affect the mind.', 12, 0, 100, 1, 0, 24617, 49481, 'Vanessa van Cleef to Player'),
(49429, 6, 0, 'Vanessa injects you with the Nightmare Elixir!', 41, 0, 100, 0, 0, 0, 49483, 'Vanessa van Cleef to Player'),
-- A Note from Vanessa VanCleef
(49564, 0, 0, 'A note falls to the floor!', 41, 0, 100, 0, 0, 0, 49658, 'A Note from Vanessa to Player'),
-- Vanessa's Trap Bunny
(49454, 0, 0, 'Activate the steam valves to free yourself!', 41, 0, 100, 0, 0, 0, 49680, 'Vanessa''s Trap Bunny to Player'),
-- General Purpose Bunny JMF
(45979, 4, 0, 'The Nightmare Elixir takes hold!', 41, 0, 100, 0, 0, 0, 49705, 'General Purpose Bunny JMF to Steam Valve'),
(45979, 5, 0, 'The nightmare shifts!', 41, 0, 100, 0, 0, 0, 49707, 'General Purpose Bunny JMF to Player'),
(45979, 6, 0, 'Save Emme Harrington!', 41, 0, 100, 0, 0, 0, 49711, 'General Purpose Bunny JMF to Player'),
(45979, 7, 0, 'Save Erik Harrington!', 41, 0, 100, 0, 0, 0, 49712, 'General Purpose Bunny JMF'),
(45979, 8, 0, 'Save Calissa Harrington!', 41, 0, 100, 0, 0, 0, 49713, 'General Purpose Bunny JMF'),
(45979, 9, 0, 'The Nightmare Elixir wears off!', 41, 0, 100, 0, 0, 0, 49714, 'General Purpose Bunny JMF'),
-- Helix Gearbreaker
(49674, 0, 0, 'You have entered Helix''s nightmare!', 41, 0, 100, 0, 0, 0, 49708, 'Helix Gearbreaker to Player'),
(49674, 1, 0, 'Nightmare spiders appear in the darkness!  Kill Helix before his nightmare overwhelms you!', 41, 0, 100, 0, 0, 0, 50871, 'Helix Geabreaker to Player'),
-- James Harrington
(49539, 0, 0, 'Calissa...I am so sorry...', 12, 0, 100, 0, 0, 0, 49761, 'James Harrington'),
-- Calissa Harrington
(49536, 0, 0, 'James...please...I love you...', 12, 0, 100, 0, 0, 0, 49762, 'Calissa Harrington'),
(49536, 1, 0, 'Calissa is dying!', 41, 0, 100, 0, 0, 0, 49763, 'Calissa Harrington'),
-- Vanessa VanCleef Nightmare
(49671, 0, 0, 'Poor Glubtok.  When his powers manifested, his own ogre mound was the first to burn.', 12, 0, 100, 1, 0, 24602, 49715, 'Vanessa van Cleef to Steam Valve'),
(49671, 1, 0, 'Deep within his soul, the one thing he feared most of all was...himself.', 12, 0, 100, 1, 0, 24603, 49716, 'Vanessa van Cleef to Steam Valve'),
(49671, 2, 0, 'You have entered Glubtok''s Nightmare!', 41, 0, 100, 0, 0, 0, 49706, 'Vanessa van Cleef to Steam Valve'),
(49671, 3, 0, 'Get back to the ship!', 41, 0, 100, 0, 0, 0, 50703, 'Vanessa van Cleef to Steam Valve'),
(49671, 4, 0, 'Most rogues prefer to cloak themselves in the shadows, but not Helix.', 12, 0, 100, 1, 0, 24604, 49723, 'Vanessa van Cleef to Player'),
(49671, 5, 0, 'You never know what skitters in the darkness.', 12, 0, 100, 1, 0, 24605, 49724, 'Vanessa van Cleef to Player'),
(49671, 6, 0, 'Can you imagine the life of a machine?', 12, 0, 100, 1, 0, 24606, 49725, 'Vanessa van Cleef to Player'),
(49671, 7, 0, 'A simple spark can mean the difference between life...and death.', 12, 0, 100, 1, 0, 24607, 49726, 'Vanessa van Cleef to Player'),
(49671, 8, 0, 'You have entered the mechanical nightmare!', 41, 0, 100, 0, 0, 0, 49709, 'Vanessa van Cleef to Player'),
(49671, 9, 0, 'Ripsnarl wasn''t always a bloodthirsty savage.  Once, he even had a family.', 12, 0, 100, 1, 0, 24608, 49742, 'Vanessa van Cleef to Player'),
(49671, 10, 0, 'He was called James Harrington.  A tragedy in three parts.', 12, 0, 100, 1, 0, 24609, 49745, 'Vanessa van Cleef to Player'),
(49671, 11, 0, 'You have entered Ripsnarl''s nightmare!', 41, 0, 100, 0, 0, 0, 49710, 'Vanessa van Cleef to Player'),
-- Vanessa VanCleef
(49541, 0, 0, 'I will not share my father''s fate!  Your tale ends here!', 14, 0, 100, 0, 0, 24599, 49748, 'Vanessa van Cleef to Player'),
(49541, 1, 0, 'The first of many.', 14, 0, 100, 0, 0, 24620, 49749, 'Vanessa van Cleef'),
(49541, 2, 0, 'Did you really think I would come to this fight alone?', 14, 0, 100, 0, 0, 24620, 49750, 'Vanessa van Cleef'),
(49541, 3, 0, 'Fools!  This entire ship is rigged with explosives!  Enjoy your fiery deaths!', 14, 0, 100, 0, 0, 24621, 49751, 'Vanessa van Cleef'),
(49541, 4, 0, 'Vanessa has detonated charges on the ship!  Get to the ropes at the side of the boat!', 41, 0, 100, 0, 0, 0, 49755, 'Vanessa van Cleef'),
(49541, 5, 0, 'You didn''t honestly think I would only plant ONE set of explosives, did you?', 14, 0, 100, 0, 0, 24622, 50706, 'Vanessa van Cleef'),
(49541, 6, 0, 'Vanessa is detonating more charges!  Get to the ropes at the side of the boat!', 41, 0, 100, 0, 0, 0, 49756, 'Vanessa van Cleef'),
(49541, 7, 0, 'ENOUGH!  I will not give you the pleasure!', 14, 0, 100, 274, 0, 24610, 49753, 'Vanessa van Cleef'),
(49541, 8, 0, 'If I''m going to die, I''m taking you all with me!', 14, 0, 100, 15, 0, 24611, 49752, 'Vanessa van Cleef'),
(49541, 9, 0, 'Vanessa pulls out a final barrel of mining powder and ignites it!  RUN!', 41, 0, 100, 0, 0, 0, 49757, 'Vanessa van Cleef'),
(49541, 10, 0, 'MY FATE IS MY OWN!', 14, 0, 100, 397, 0, 24612, 49754, 'Vanessa van Cleef');
UPDATE `creature_text` SET `TextRange`= 3 WHERE `CreatureID` IN (45979, 49539, 49536);

-- Vehicle Acessory
DELETE FROM `vehicle_template_accessory` WHERE `entry`= 49520;
INSERT INTO `vehicle_template_accessory` (`entry`, `accessory_entry`, `seat_id`, `minion`, `description`, `summontype`, `summontimer`) VALUES
(49520, 49521, 7, 1, 'Vanessa Lightning Platter - Vanessa Lightning Stalker', 5, 0), -- Vanessa Lightning Platter - Vanessa Lightning Stalker
(49520, 49521, 6, 1, 'Vanessa Lightning Platter - Vanessa Lightning Stalker', 5, 0), -- Vanessa Lightning Platter - Vanessa Lightning Stalker
(49520, 49521, 5, 1, 'Vanessa Lightning Platter - Vanessa Lightning Stalker', 5, 0), -- Vanessa Lightning Platter - Vanessa Lightning Stalker
(49520, 49521, 4, 1, 'Vanessa Lightning Platter - Vanessa Lightning Stalker', 5, 0), -- Vanessa Lightning Platter - Vanessa Lightning Stalker
(49520, 49521, 3, 1, 'Vanessa Lightning Platter - Vanessa Lightning Stalker', 5, 0), -- Vanessa Lightning Platter - Vanessa Lightning Stalker
(49520, 49521, 2, 1, 'Vanessa Lightning Platter - Vanessa Lightning Stalker', 5, 0), -- Vanessa Lightning Platter - Vanessa Lightning Stalker
(49520, 49521, 1, 1, 'Vanessa Lightning Platter - Vanessa Lightning Stalker', 5, 0), -- Vanessa Lightning Platter - Vanessa Lightning Stalker
(49520, 49521, 0, 1, 'Vanessa Lightning Platter - Vanessa Lightning Stalker', 5, 0); -- Vanessa Lightning Platter - Vanessa Lightning Stalker

-- Spells
DELETE FROM `spell_script_names` WHERE `ScriptName` IN
('spell_deadmines_ride_magma_vehicle',
'spell_deadmines_magma_trap_throw_to_location',
'spell_vanessa_backslash_targeting',
'spell_vanessa_backslash_targeting',
'spell_deadmines_bloodbath');

INSERT INTO `spell_script_names` (`spell_id`, `ScriptName`) VALUES
(92378, 'spell_deadmines_ride_magma_vehicle'),
(92438, 'spell_deadmines_magma_trap_throw_to_location'),
(92620, 'spell_vanessa_backslash_targeting'),
(90925, 'spell_deadmines_bloodbath');

-- Spellclick spells
DELETE FROM `npc_spellclick_spells` WHERE `npc_entry` IN (49457);
INSERT INTO `npc_spellclick_spells` (`npc_entry`, `spell_id`, `cast_flags`, `user_type`) VALUES
-- Steam Valve
(49457, 92399, 0, 0);

-- Conditions
DELETE FROM `conditions` WHERE `SourceEntry` IN (92379, 90962, 90963) AND `SourceTypeOrReferenceId`= 13;
INSERT INTO `conditions` (`SourceTypeOrReferenceId`, `SourceGroup`, `SourceEntry`, `SourceId`, `ElseGroup`, `ConditionTypeOrReference`, `ConditionTarget`, `ConditionValue1`, `ConditionValue2`, `ConditionValue3`, `NegativeCondition`, `ErrorType`, `ScriptName`, `Comment`) VALUES
(13, 1, 92379, 0, 0, 31, 0, 3, 49454, 0, 0, 0, '', 'Ride Magma Vehicle - Target Vanessa''s Trap Bunny'),
(13, 1, 90962, 0, 0, 31, 0, 3, 49850, 0, 0, 0, '', 'Whirling Blades - Target Defias Enforcer'),
(13, 1, 90962, 0, 1, 31, 0, 3, 49852, 0, 0, 0, '', 'Whirling Blades - Target Defias Shadowguard'),
(13, 1, 90962, 0, 2, 31, 0, 3, 49854, 0, 0, 0, '', 'Whirling Blades - Target Defias Blood Wizard'),
(13, 1, 90963, 0, 0, 31, 0, 3, 49850, 0, 0, 0, '', 'Whirling Blades - Target Defias Enforcer'),
(13, 1, 90963, 0, 1, 31, 0, 3, 49852, 0, 0, 0, '', 'Whirling Blades - Target Defias Shadowguard'),
(13, 1, 90963, 0, 2, 31, 0, 3, 49854, 0, 0, 0, '', 'Whirling Blades - Target Defias Blood Wizard');

-- Creature Collapsing Icicle 49481 SAI
SET @ENTRY := 49481;
UPDATE `creature_template` SET `AIName`="SmartAI" WHERE `entry`= @ENTRY;
DELETE FROM `smart_scripts` WHERE `entryorguid`=@ENTRY AND `source_type`=0;
INSERT INTO `smart_scripts` (`entryorguid`, `source_type`, `id`, `link`, `event_type`, `event_phase_mask`, `event_chance`, `event_flags`, `event_param1`, `event_param2`, `event_param3`, `event_param4`, `action_type`, `action_param1`, `action_param2`, `action_param3`, `action_param4`, `action_param5`, `action_param6`, `target_type`, `target_param1`, `target_param2`, `target_param3`, `target_x`, `target_y`, `target_z`, `target_o`, `comment`) VALUES
(@ENTRY, 0, 0, 0, 63, 0, 100, 0, 0, 0, 0, 0, 3, 0, 28470, 0, 0, 0, 0, 1, 0, 0, 0, 0, 0, 0, 0, "When just created - Self: Morph to model 28470 // "),
(@ENTRY, 0, 1, 2, 60, 0, 100, 1, 3200, 3200, 0, 0, 11, 92201, 2, 0, 0, 0, 0, 1, 0, 0, 0, 0, 0, 0, 0, "Every 0 and 0 ms (for the first time, timer between 3200 and 3200 ms) - Self: Cast spell Icicle (92201) on Self // "),
(@ENTRY, 0, 2, 0, 61, 0, 100, 0, 0, 0, 0, 0, 11, 92202, 0, 0, 0, 0, 0, 1, 0, 0, 0, 0, 0, 0, 0, " Linked - Self: Cast spell Icicle (92202) on Self // ");

-- Creature Emme Harrington 49534 SAI
SET @ENTRY := 49534;
UPDATE `creature_template` SET `AIName`="SmartAI" WHERE `entry`= @ENTRY;
DELETE FROM `smart_scripts` WHERE `entryorguid`=@ENTRY AND `source_type`=0;
INSERT INTO `smart_scripts` (`entryorguid`, `source_type`, `id`, `link`, `event_type`, `event_phase_mask`, `event_chance`, `event_flags`, `event_param1`, `event_param2`, `event_param3`, `event_param4`, `action_type`, `action_param1`, `action_param2`, `action_param3`, `action_param4`, `action_param5`, `action_param6`, `target_type`, `target_param1`, `target_param2`, `target_param3`, `target_x`, `target_y`, `target_z`, `target_o`, `comment`) VALUES
(@ENTRY, 0, 0, 0, 60, 0, 100, 0, 100, 100, 5000, 5000, 11, 92308, 2, 0, 0, 0, 0, 1, 0, 0, 0, 0, 0, 0, 0, "Every 5000 and 5000 ms (for the first time, timer between 100 and 100 ms) - Self: Cast spell Group Taunt (92308) on Self // ");

-- Creature Erik Harrington 49535 SAI
SET @ENTRY := 49535;
UPDATE `creature_template` SET `AIName`="SmartAI" WHERE `entry`= @ENTRY;
DELETE FROM `smart_scripts` WHERE `entryorguid`=@ENTRY AND `source_type`=0;
INSERT INTO `smart_scripts` (`entryorguid`, `source_type`, `id`, `link`, `event_type`, `event_phase_mask`, `event_chance`, `event_flags`, `event_param1`, `event_param2`, `event_param3`, `event_param4`, `action_type`, `action_param1`, `action_param2`, `action_param3`, `action_param4`, `action_param5`, `action_param6`, `target_type`, `target_param1`, `target_param2`, `target_param3`, `target_x`, `target_y`, `target_z`, `target_o`, `comment`) VALUES
(@ENTRY, 0, 0, 0, 60, 0, 100, 0, 100, 100, 5000, 5000, 11, 92308, 2, 0, 0, 0, 0, 1, 0, 0, 0, 0, 0, 0, 0, "Every 5000 and 5000 ms (for the first time, timer between 100 and 100 ms) - Self: Cast spell Group Taunt (92308) on Self // ");

-- Creature Calissa Harrington 49536 SAI
SET @ENTRY := 49536;
UPDATE `creature_template` SET `AIName`="SmartAI" WHERE `entry`= @ENTRY;
DELETE FROM `smart_scripts` WHERE `entryorguid`=@ENTRY AND `source_type`=0;
INSERT INTO `smart_scripts` (`entryorguid`, `source_type`, `id`, `link`, `event_type`, `event_phase_mask`, `event_chance`, `event_flags`, `event_param1`, `event_param2`, `event_param3`, `event_param4`, `action_type`, `action_param1`, `action_param2`, `action_param3`, `action_param4`, `action_param5`, `action_param6`, `target_type`, `target_param1`, `target_param2`, `target_param3`, `target_x`, `target_y`, `target_z`, `target_o`, `comment`) VALUES
(@ENTRY, 0, 0, 0, 60, 0, 100, 1, 15400, 15400, 0, 0, 1, 0, 0, 0, 0, 0, 0, 1, 0, 0, 0, 0, 0, 0, 0, "Every 0 and 0 ms (for the first time, timer between 15400 and 15400 ms) - Self: Talk 0 // "),
(@ENTRY, 0, 1, 0, 60, 0, 100, 1, 25000, 25000, 0, 0, 1, 1, 0, 0, 0, 0, 0, 1, 0, 0, 0, 0, 0, 0, 0, "Every 0 and 0 ms (for the first time, timer between 25000 and 25000 ms) - Self: Talk 1 // "),
(@ENTRY, 0, 2, 0, 60, 0, 100, 1, 16700, 16700, 0, 0, 1, 0, 0, 0, 0, 0, 0, 11, 49539, 10, 0, 0, 0, 0, 0, "Every 0 and 0 ms (for the first time, timer between 16700 and 16700 ms) - Creature James Harrington (49539) in 10 yd: Talk 0 // ");

-- Creature Glubtok 49670 SAI
SET @ENTRY := 49670;
UPDATE `creature_template` SET `AIName`="SmartAI" WHERE `entry`= @ENTRY;
DELETE FROM `smart_scripts` WHERE `entryorguid`=@ENTRY AND `source_type`=0;
INSERT INTO `smart_scripts` (`entryorguid`, `source_type`, `id`, `link`, `event_type`, `event_phase_mask`, `event_chance`, `event_flags`, `event_param1`, `event_param2`, `event_param3`, `event_param4`, `action_type`, `action_param1`, `action_param2`, `action_param3`, `action_param4`, `action_param5`, `action_param6`, `target_type`, `target_param1`, `target_param2`, `target_param3`, `target_x`, `target_y`, `target_z`, `target_o`, `comment`) VALUES
(@ENTRY, 0, 0, 0, 0, 0, 100, 0, 4500, 4500, 3600, 3600, 11, 59304, 0, 0, 0, 0, 0, 2, 0, 0, 0, 0, 0, 0, 0, "When in combat and timer at the begining between 4500 and 4500 ms (and later repeats every 3600 and 3600 ms) - Self: Cast spell Spirit Strike (59304) on Victim // ");

-- Creature Foe Reaper 5000 49681 SAI
SET @ENTRY := 49681;
UPDATE `creature_template` SET `AIName`="SmartAI" WHERE `entry`= @ENTRY;
DELETE FROM `smart_scripts` WHERE `entryorguid`=@ENTRY AND `source_type`=0;
INSERT INTO `smart_scripts` (`entryorguid`, `source_type`, `id`, `link`, `event_type`, `event_phase_mask`, `event_chance`, `event_flags`, `event_param1`, `event_param2`, `event_param3`, `event_param4`, `action_type`, `action_param1`, `action_param2`, `action_param3`, `action_param4`, `action_param5`, `action_param6`, `target_type`, `target_param1`, `target_param2`, `target_param3`, `target_x`, `target_y`, `target_z`, `target_o`, `comment`) VALUES
(@ENTRY, 0, 0, 0, 0, 0, 100, 0, 2600, 2600, 3600, 3600, 11, 59304, 0, 0, 0, 0, 0, 2, 0, 0, 0, 0, 0, 0, 0, "When in combat and timer at the begining between 2600 and 2600 ms (and later repeats every 3600 and 3600 ms) - Self: Cast spell Spirit Strike (59304) on Victim // ");

-- Creature Defias Enforcer 49850 SAI
SET @ENTRY := 49850;
UPDATE `creature_template` SET `AIName`="SmartAI" WHERE `entry`= @ENTRY;
DELETE FROM `smart_scripts` WHERE `entryorguid`=@ENTRY AND `source_type`=0;
INSERT INTO `smart_scripts` (`entryorguid`, `source_type`, `id`, `link`, `event_type`, `event_phase_mask`, `event_chance`, `event_flags`, `event_param1`, `event_param2`, `event_param3`, `event_param4`, `action_type`, `action_param1`, `action_param2`, `action_param3`, `action_param4`, `action_param5`, `action_param6`, `target_type`, `target_param1`, `target_param2`, `target_param3`, `target_x`, `target_y`, `target_z`, `target_o`, `comment`) VALUES
(@ENTRY, 0, 0, 0, 0, 0, 100, 1, 1000, 1000, 0, 0, 11, 90931, 0, 0, 0, 0, 0, 21, 50, 0, 0, 0, 0, 0, 0, "When in combat and timer at the begining between 1000 and 1000 ms (and later repeats every 0 and 0 ms) - Self: Cast spell Charge (90931) on Closest player in 50 yards // "),
(@ENTRY, 0, 1, 0, 0, 0, 100, 0, 6500, 7000, 30000, 30000, 11, 90925, 0, 0, 0, 0, 0, 2, 0, 0, 0, 0, 0, 0, 0, "When in combat and timer at the begining between 6500 and 7000 ms (and later repeats every 30000 and 30000 ms) - Self: Cast spell Bloodbath (90925) on Victim // "),
(@ENTRY, 0, 2, 0, 2, 0, 100, 0, 0, 20, 29000, 30000, 11, 90929, 0, 0, 0, 0, 0, 1, 0, 0, 0, 0, 0, 0, 0, "When health between 0% and 20% (check every 29000 - 30000 ms) - Self: Cast spell Recklessness (90929) on Self // ");

-- Creature Defias Shadowguard 49852 SAI
SET @ENTRY := 49852;
UPDATE `creature_template` SET `AIName`="SmartAI" WHERE `entry`= @ENTRY;
DELETE FROM `smart_scripts` WHERE `entryorguid`=@ENTRY AND `source_type`=0;
INSERT INTO `smart_scripts` (`entryorguid`, `source_type`, `id`, `link`, `event_type`, `event_phase_mask`, `event_chance`, `event_flags`, `event_param1`, `event_param2`, `event_param3`, `event_param4`, `action_type`, `action_param1`, `action_param2`, `action_param3`, `action_param4`, `action_param5`, `action_param6`, `target_type`, `target_param1`, `target_param2`, `target_param3`, `target_x`, `target_y`, `target_z`, `target_o`, `comment`) VALUES
(@ENTRY, 0, 0, 0, 0, 0, 100, 1, 1000, 1000, 0, 0, 11, 90954, 2, 0, 0, 0, 0, 1, 0, 0, 0, 0, 0, 0, 0, "When in combat and timer at the begining between 1000 and 1000 ms (and later repeats every 0 and 0 ms) - Self: Cast spell Camouflage (90954) on Self // "),
(@ENTRY, 0, 1, 0, 0, 0, 100, 0, 5500, 6000, 10000, 11000, 11, 90951, 0, 0, 0, 0, 0, 2, 0, 0, 0, 0, 0, 0, 0, "When in combat and timer at the begining between 5500 and 6000 ms (and later repeats every 10000 and 11000 ms) - Self: Cast spell Sinister Strike (90951) on Victim // "),
(@ENTRY, 0, 2, 0, 0, 0, 100, 0, 10000, 10000, 20000, 20000, 11, 90956, 0, 0, 0, 0, 0, 2, 0, 0, 0, 0, 0, 0, 0, "When in combat and timer at the begining between 10000 and 10000 ms (and later repeats every 20000 and 20000 ms) - Self: Cast spell Shadowstep (90956) on Victim // "),
(@ENTRY, 0, 3, 0, 0, 0, 100, 0, 13000, 13000, 16000, 16000, 11, 90960, 0, 0, 0, 0, 0, 2, 0, 0, 0, 0, 0, 0, 0, "When in combat and timer at the begining between 13000 and 13000 ms (and later repeats every 16000 and 16000 ms) - Self: Cast spell Whirling Blades (90960) on Victim // "),
(@ENTRY, 0, 4, 0, 2, 0, 100, 0, 0, 20, 29000, 30000, 11, 90958, 0, 0, 0, 0, 0, 1, 0, 0, 0, 0, 0, 0, 0, "When health between 0% and 20% (check every 29000 - 30000 ms) - Self: Cast spell Evasion (90958) on Self // ");

-- Creature Defias Blood Wizard 49854 SAI
SET @ENTRY := 49854;
UPDATE `creature_template` SET `AIName`="SmartAI" WHERE `entry`= @ENTRY;
DELETE FROM `smart_scripts` WHERE `entryorguid`=@ENTRY AND `source_type`=0;
INSERT INTO `smart_scripts` (`entryorguid`, `source_type`, `id`, `link`, `event_type`, `event_phase_mask`, `event_chance`, `event_flags`, `event_param1`, `event_param2`, `event_param3`, `event_param4`, `action_type`, `action_param1`, `action_param2`, `action_param3`, `action_param4`, `action_param5`, `action_param6`, `target_type`, `target_param1`, `target_param2`, `target_param3`, `target_x`, `target_y`, `target_z`, `target_o`, `comment`) VALUES
(@ENTRY, 0, 0, 0, 0, 0, 100, 0, 0, 0, 3000, 3000, 11, 90938, 64, 0, 0, 0, 0, 2, 0, 0, 0, 0, 0, 0, 0, "When in combat and timer at the begining between 0 and 0 ms (and later repeats every 3000 and 3000 ms) - Self: Cast spell Bloodbolt (90938) on Victim // "),
(@ENTRY, 0, 1, 0, 0, 0, 100, 0, 7000, 7000, 60000, 60000, 11, 90932, 0, 0, 0, 0, 0, 5, 0, 0, 0, 0, 0, 0, 0, "When in combat and timer at the begining between 7000 and 7000 ms (and later repeats every 60000 and 60000 ms) - Self: Cast spell Ragezone (90932) on Random hostile // ");

-- Loot
DELETE FROM `creature_loot_template` WHERE `Entry`= 49541;
DELETE FROM `reference_loot_template` WHERE `Entry` IN (495410, 495411);

INSERT INTO `creature_loot_template` (`Entry`, `Item`, `Chance`, `LootMode`, `Reference`, `MaxCount`) VALUES
(49541, 495410, 100, 1, 497120, 2),
(49541, 495411, 100, 1, 497121, 1); -- Chaos Orb

INSERT INTO `reference_loot_template` (`Entry`, `Item`, `Chance`, `LootMode`, `GroupId`, `MinCount`, `MaxCount`) VALUES
(497120, 63487, 0, 1, 1, 1, 1), -- Book of the Well Sung Song
(497120, 63480, 0, 1, 1, 1, 1), -- Record of the Broderhood's End
(497120, 63479, 0, 1, 1, 1, 1), -- Bracers of Some Consequence
(497120, 63478, 0, 1, 1, 1, 1), -- Stonemanons's Helm
(497120, 65178, 0, 1, 1, 1, 1), -- VanCleef's Boots
(497120, 63485, 0, 1, 1, 1, 1), -- Cowl of Rebellion
(497120, 63482, 0, 1, 1, 1, 1), -- Daughter's Hand
(497120, 63483, 0, 1, 1, 1, 1), -- Guildmaster's Greaves
(497120, 63486, 0, 1, 1, 1, 1), -- Shackles of the Betrayed
(497120, 63484, 0, 1, 1, 1, 1), -- Armbands of Exiled Architects
(495411, 52078, 100, 1, 1, 1, 1);

DELETE FROM `creature_onkill_reward` WHERE `creature_id` IN (49429, 49541);
INSERT INTO `creature_onkill_reward` (`creature_id`, `CurrencyId1`, `CurrencyCount1`) VALUES
-- 70 Justice Points
(49541, 395, 7000);

-- Template Updates
-- Foe Reaper 5000
UPDATE `creature_template` SET `unit_flags2`= 0, `ScriptName`= 'boss_foe_reaper_5000' WHERE `entry`= 43778;
UPDATE `creature_template` SET `minlevel`= 87, `maxlevel`= 87, `unit_flags2`= 0, `flags_extra`= 1 WHERE `entry`= 48941;
-- Prototype Reaper
UPDATE `creature_template` SET `speed_walk`=1, `speed_run`=1.142857, `spell1`= 91734, `spell2`= 91735, `spell3`= 91736, `unit_flags2`= 0 WHERE `entry`= 49208;
UPDATE `npc_spellclick_spells` SET `spell_id`= 43671 WHERE `npc_entry`= 49208;
-- Defias Watcher
UPDATE `creature_template` SET `unit_flags2`= 0, `RegenHealth`= 0, `ScriptName`= 'npc_deadmines_defias_watcher' WHERE `entry`= 47404;
UPDATE `creature_template` SET `unit_flags2`= 0, `RegenHealth`= 0 WHERE `entry`= 48803;
-- Defias Reaper
UPDATE `creature_template` SET `unit_flags2`= 0, `ScriptName`= 'npc_deadmines_defias_watcher' WHERE `entry`= 47403;
UPDATE `creature_template` SET `unit_flags2`= 0 WHERE `entry`= 48804;
-- Deadmines Foe Reaper Targeting Bunny
UPDATE `creature_template` SET `faction`= 35, `unit_flags`= 33554432, `flags_extra`= 128 WHERE `entry`= 47468;
-- Molten Slag
UPDATE `creature_template` SET `DamageModifier`= 30, `ScriptName`= 'npc_foe_reaper_5000_molten_slag' WHERE `entry`= 49229;


DELETE FROM `creature_text` WHERE `CreatureID` IN (43778, 45979);
INSERT INTO `creature_text` (`CreatureID`, `GroupID`, `ID`, `Text`, `Type`, `Language`, `Probability`, `Emote`, `Duration`, `Sound`, `BroadcastTextId`, `Comment`) VALUES
-- Foe Reaper 5000
(43778, 0, 0, 'Foe Reaper 5000 on-line.  All systems nominal.', 14, 0, 100, 0, 0, 22137, 47596, 'Foe Reaper 5000'),
(43778, 1, 0, '|TInterface\\Icons\\ability_whirlwind.blp:20|t Foe Reaper 5000 begins to activate |cFFFF0000|Hspell:88481|h[Overdrive]|h|r!', 41, 0, 100, 0, 0, 0, 48812, 'Foe Reaper 5000'),
(43778, 2, 0, 'Overdrive engine activated.', 14, 0, 100, 0, 0, 22142, 47609, 'Foe Reaper 5000'),
(43778, 3, 0, 'Acquiring target...', 14, 0, 100, 0, 0, 22140, 47628, 'Foe Reaper 5000 to Player'),
(43778, 4, 0, 'Target acquired.  Harvesting servos engaged.', 14, 0, 100, 0, 0, 22141, 47629, 'Foe Reaper 5000'),
(43778, 5, 0, 'Safety restrictions off-line.  Catastrophic system failure imminent.', 14, 0, 100, 0, 0, 22143, 47642, 'Foe Reaper 5000'),
(43778, 6, 0, '|TInterface\Icons\spell_fire_totemofwrath.blp:20|t Foe Reaper 5000 |cFFFF0000|Hspell:88522|h[Safety Restrictions are Off-line]|h|r!', 41, 0, 100, 0, 0, 0, 50713, 'Foe Reaper 5000'),
(43778, 7, 0, 'Target destroyed.', 14, 0, 100, 0, 0, 22139, 47630, 'Feindschnitter 5000 to Player'),
(43778, 8, 0, 'Overheat threshold exceeded.  System failure.  Wheat clog in port two.  Shutting down.', 14, 0, 100, 0, 0, 22138, 47643, 'Foe Reaper 5000'),
-- General Purpose Bunny
(45979, 0, 0, 'A stray jolt from the Foe Reaper has disrupted the foundry controls!', 41, 0, 100, 0, 0, 0, 49315, 'General Purpose Bunny JMF'),
(45979, 1, 0, 'The molten slag begins to bubble furiously!', 41, 0, 100, 0, 0, 0, 49316, 'General Purpose Bunny JMF');

-- Template Addon
DELETE FROM `creature_template_addon` WHERE `entry`= 47468;
INSERT INTO `creature_template_addon` (`entry`, `auras`) VALUES
(47468, 88508);

-- Conditions
DELETE FROM `conditions` WHERE `SourceEntry` IN (89132, 91839, 91841, 91842, 91843) AND `SourceTypeOrReferenceId`= 13;
INSERT INTO `conditions` (`SourceTypeOrReferenceId`, `SourceGroup`, `SourceEntry`, `SourceId`, `ElseGroup`, `ConditionTypeOrReference`, `ConditionTarget`, `ConditionValue1`, `ConditionValue2`, `ConditionValue3`, `NegativeCondition`, `ErrorType`, `ScriptName`, `Comment`) VALUES
(13, 1, 89132, 0, 0, 31, 0, 3, 43778, 0, 0, 0, '', 'Energize - Target Foe Reaper 5000'),
(13, 1, 91839, 0, 0, 31, 0, 5, 123207, 0, 0, 0, '', 'Summon Molten Slag - Target Goblin Smelthing Pot'),
(13, 1, 91841, 0, 0, 31, 0, 5, 123208, 0, 0, 0, '', 'Summon Molten Slag - Target Goblin Smelthing Pot'),
(13, 1, 91842, 0, 0, 31, 0, 5, 123209, 0, 0, 0, '', 'Summon Molten Slag - Target Goblin Smelthing Pot'),
(13, 1, 91843, 0, 0, 31, 0, 5, 123210, 0, 0, 0, '', 'Summon Molten Slag - Target Goblin Smelthing Pot');

-- Spells
DELETE FROM `spell_script_names` WHERE `ScriptName` IN
('spell_deadmines_on_fire',
'spell_foe_reaper_5000_acquire_target',
'spell_foe_reaper_5000_fixate_targeting',
'spell_foe_reaper_5000_fixate');

INSERT INTO `spell_script_names` (`spell_id`, `ScriptName`) VALUES
(91737, 'spell_deadmines_on_fire'),
(88492, 'spell_foe_reaper_5000_acquire_target'),
(91831, 'spell_foe_reaper_5000_fixate_targeting'),
(91830, 'spell_foe_reaper_5000_fixate');

-- Loot
UPDATE `creature_template` SET `lootid`= 43778 WHERE `entry` = 43778;
DELETE FROM creature_loot_template WHERE `Entry` IN (43778, 48941);
INSERT INTO `creature_loot_template` (`Entry`, `Item`, `Chance`, `LootMode`, `GroupId`, `MinCount`, `MaxCount`) VALUES
(43778, 1937, 0, 1, 1, 1, 1),
(43778, 5187, 0, 1, 1, 1, 1),
(43778, 5201, 0, 1, 1, 1, 1);

UPDATE `creature_template` SET `lootid` = 48941 WHERE `entry` = 48941;
INSERT INTO `creature_loot_template` (`Entry`, `Item`, `Chance`, `LootMode`, `GroupId`, `MinCount`, `MaxCount`) VALUES
(48941, 65166, 0, 1, 1, 1, 1),
(48941, 65165, 0, 1, 1, 1, 1),
(48941, 65167, 0, 1, 1, 1, 1);

-- SAI
-- Creature General Purpose Bunny JMF (Look 2) 47242 SAI
SET @ENTRY := 47242;
UPDATE `creature_template` SET `AIName`="SmartAI" WHERE `entry`= @ENTRY;
SET @ENTRY := -375839;
DELETE FROM `smart_scripts` WHERE `entryorguid`=@ENTRY AND `source_type`=0;
INSERT INTO `smart_scripts` (`entryorguid`, `source_type`, `id`, `link`, `event_type`, `event_phase_mask`, `event_chance`, `event_flags`, `event_param1`, `event_param2`, `event_param3`, `event_param4`, `action_type`, `action_param1`, `action_param2`, `action_param3`, `action_param4`, `action_param5`, `action_param6`, `target_type`, `target_param1`, `target_param2`, `target_param3`, `target_x`, `target_y`, `target_z`, `target_o`, `comment`) VALUES
(@ENTRY, 0, 0, 0, 72, 0, 100, 0, 1, 0, 0, 0, 67, 0, 150, 150, 0, 0, 0, 0, 0, 0, 0, 0, 0, 0, 0, "On DoAction 1 - Trigger timed event #0"),
(@ENTRY, 0, 1, 0, 59, 0, 100, 1, 0, 0, 0, 0, 11, 89202, 2, 0, 0, 0, 0, 10, 375842, 0, 0, 0, 0, 0, 0, "On timed event 0 triggered - Self: Cast spell 89202 on Creature General Purpose Bunny JMF (Look 2)");

SET @ENTRY := -375846;
DELETE FROM `smart_scripts` WHERE `entryorguid`=@ENTRY AND `source_type`=0;
INSERT INTO `smart_scripts` (`entryorguid`, `source_type`, `id`, `link`, `event_type`, `event_phase_mask`, `event_chance`, `event_flags`, `event_param1`, `event_param2`, `event_param3`, `event_param4`, `action_type`, `action_param1`, `action_param2`, `action_param3`, `action_param4`, `action_param5`, `action_param6`, `target_type`, `target_param1`, `target_param2`, `target_param3`, `target_x`, `target_y`, `target_z`, `target_o`, `comment`) VALUES
(@ENTRY, 0, 0, 0, 72, 0, 100, 0, 1, 0, 0, 0, 67, 0, 2500, 2500, 0, 0, 0, 0, 0, 0, 0, 0, 0, 0, 0, "On DoAction 1 - Trigger timed event #0"),
(@ENTRY, 0, 1, 0, 59, 0, 100, 1, 0, 0, 0, 0, 11, 89202, 2, 0, 0, 0, 0, 10, 375841, 0, 0, 0, 0, 0, 0, "On timed event 0 triggered - Self: Cast spell 89202 on Creature General Purpose Bunny JMF (Look 2)");

SET @ENTRY := -375922;
DELETE FROM `smart_scripts` WHERE `entryorguid`=@ENTRY AND `source_type`=0;
INSERT INTO `smart_scripts` (`entryorguid`, `source_type`, `id`, `link`, `event_type`, `event_phase_mask`, `event_chance`, `event_flags`, `event_param1`, `event_param2`, `event_param3`, `event_param4`, `action_type`, `action_param1`, `action_param2`, `action_param3`, `action_param4`, `action_param5`, `action_param6`, `target_type`, `target_param1`, `target_param2`, `target_param3`, `target_x`, `target_y`, `target_z`, `target_o`, `comment`) VALUES
(@ENTRY, 0, 0, 0, 72, 0, 100, 0, 1, 0, 0, 0, 67, 0, 2500, 2500, 0, 0, 0, 0, 0, 0, 0, 0, 0, 0, 0, "On DoAction 1 - Trigger timed event #0"),
(@ENTRY, 0, 1, 0, 59, 0, 100, 1, 0, 0, 0, 0, 11, 89202, 2, 0, 0, 0, 0, 10, 375840, 0, 0, 0, 0, 0, 0, "On timed event 0 triggered - Self: Cast spell 89202 on Creature General Purpose Bunny JMF (Look 2)");

SET @ENTRY := -375844;
DELETE FROM `smart_scripts` WHERE `entryorguid`=@ENTRY AND `source_type`=0;
INSERT INTO `smart_scripts` (`entryorguid`, `source_type`, `id`, `link`, `event_type`, `event_phase_mask`, `event_chance`, `event_flags`, `event_param1`, `event_param2`, `event_param3`, `event_param4`, `action_type`, `action_param1`, `action_param2`, `action_param3`, `action_param4`, `action_param5`, `action_param6`, `target_type`, `target_param1`, `target_param2`, `target_param3`, `target_x`, `target_y`, `target_z`, `target_o`, `comment`) VALUES
(@ENTRY, 0, 0, 0, 72, 0, 100, 0, 1, 0, 0, 0, 67, 0, 5000, 5000, 0, 0, 0, 0, 0, 0, 0, 0, 0, 0, 0, "On DoAction 1 - Trigger timed event #0"),
(@ENTRY, 0, 1, 0, 59, 0, 100, 1, 0, 0, 0, 0, 11, 89202, 2, 0, 0, 0, 0, 10, 375923, 0, 0, 0, 0, 0, 0, "On timed event 0 triggered - Self: Cast spell 89202 on Creature General Purpose Bunny JMF (Look 2)");

SET @ENTRY := -375843;
DELETE FROM `smart_scripts` WHERE `entryorguid`=@ENTRY AND `source_type`=0;
INSERT INTO `smart_scripts` (`entryorguid`, `source_type`, `id`, `link`, `event_type`, `event_phase_mask`, `event_chance`, `event_flags`, `event_param1`, `event_param2`, `event_param3`, `event_param4`, `action_type`, `action_param1`, `action_param2`, `action_param3`, `action_param4`, `action_param5`, `action_param6`, `target_type`, `target_param1`, `target_param2`, `target_param3`, `target_x`, `target_y`, `target_z`, `target_o`, `comment`) VALUES
(@ENTRY, 0, 0, 0, 72, 0, 100, 0, 1, 0, 0, 0, 67, 0, 5000, 5000, 0, 0, 0, 0, 0, 0, 0, 0, 0, 0, 0, "On DoAction 1 - Trigger timed event #0"),
(@ENTRY, 0, 1, 0, 59, 0, 100, 1, 0, 0, 0, 0, 11, 89202, 2, 0, 0, 0, 0, 10, 375848, 0, 0, 0, 0, 0, 0, "On timed event 0 triggered - Self: Cast spell 89202 on Creature General Purpose Bunny JMF (Look 2)");

SET @ENTRY := -375847;
DELETE FROM `smart_scripts` WHERE `entryorguid`=@ENTRY AND `source_type`=0;
INSERT INTO `smart_scripts` (`entryorguid`, `source_type`, `id`, `link`, `event_type`, `event_phase_mask`, `event_chance`, `event_flags`, `event_param1`, `event_param2`, `event_param3`, `event_param4`, `action_type`, `action_param1`, `action_param2`, `action_param3`, `action_param4`, `action_param5`, `action_param6`, `target_type`, `target_param1`, `target_param2`, `target_param3`, `target_x`, `target_y`, `target_z`, `target_o`, `comment`) VALUES
(@ENTRY, 0, 0, 0, 72, 0, 100, 0, 1, 0, 0, 0, 67, 0, 5000, 5000, 0, 0, 0, 0, 0, 0, 0, 0, 0, 0, 0, "On DoAction 1 - Trigger timed event #0"),
(@ENTRY, 0, 1, 0, 59, 0, 100, 1, 0, 0, 0, 0, 11, 89202, 2, 0, 0, 0, 0, 10, 375921, 0, 0, 0, 0, 0, 0, "On timed event 0 triggered - Self: Cast spell 89202 on Creature General Purpose Bunny JMF (Look 2)");

-- Template Updates
-- Helix Gearbreaker
UPDATE `creature_template` SET `scriptname`= 'boss_helix_gearbreaker', `flags_extra`= 0 WHERE `entry`= 47296;
UPDATE `creature_template` SET `flags_extra`= `flags_extra`|1, `DamageModifier`= 15 WHERE `entry`= 48940;
-- Lumbering Oaf
UPDATE `creature_template` SET `scriptname`= 'npc_helix_lumbering_oaf' WHERE `entry`= 47297;
UPDATE `creature_template` SET `minlevel`= 87, `maxlevel`= 87 WHERE `entry`= 48939;
-- Sticky Bomb
UPDATE `creature_template` SET `difficulty_entry_1`= 49134, `scriptname`= 'npc_helix_sticky_bomb' WHERE `entry`= 47314;
UPDATE `creature_template` SET `minlevel`= 85, `maxlevel`= 85, `faction`= 14, `unit_flags`= 33554432 WHERE `entry`= 49134;
-- Helix' Crew
UPDATE `creature_template` SET `scriptname`= 'npc_helix_crew' WHERE `entry`= 49139;

-- Texts
DELETE FROM `creature_text` WHERE `CreatureID` IN (47296, 47297, 49139);
INSERT INTO `creature_text` (`CreatureID`, `GroupID`, `ID`, `Text`, `Type`, `Language`, `Probability`, `Emote`, `Duration`, `Sound`, `BroadcastTextId`, `Comment`) VALUES
-- Helix Gearbreaker
(47296, 0, 0, 'The mistress will pay me handsomely for your heads!', 14, 0, 100, 0, 0, 20849, 47474, 'Helix Gearbreaker - Aggro'),
(47296, 1, 0, 'Bombs away!', 14, 0, 100, 0, 0, 20847, 47475, 'Helix Gearbreaker - Bomb'),
(47296, 2, 0, 'Ready Oafie? Throw!', 14, 0, 100, 0, 0, 20848, 47476, 'Helix Gearbreaker - Throw Helix'),
(47296, 3, 0, 'Helix attaches a bomb to $n''s chest!', 41, 0, 100, 0, 0, 0, 47544, 'Helix Gearbreaker - Announce Bomb'),
(47296, 4, 0, 'I didn''t need him! Not when I''ve got YOU oafs!', 14, 0, 100, 0, 0, 20846, 47573, 'Helix Gearbreaker - Oaf Death'),
(47296, 5, 0, 'Only ten copper? You''re not even worth killing!', 14, 0, 100, 0, 0, 20845, 47574, 'Helix Gearbreaker - Slay'),
(47296, 6, 0, 'The scales...have...tipped...', 14, 0, 100, 0, 0, 20844, 47575, 'Helix Gearbreaker - Death'),
(47297, 0, 1, 'No...NO!', 14, 0, 100, 0, 0, 20854, 47480, 'Lumbering Oaf to Helix Gearbreaker'),
(47297, 1, 2, 'OAF SMASH!!', 14, 0, 100, 0, 0, 0, 48117, 'Lumbering Oaf to Helix Gearbreaker'),
(49139, 0, 0, 'Blowin'' em'' to bits, boss!', 12, 0, 100, 0, 0, 0, 49191, 'Helix Crew - Throw Bomb');

-- Spells
DELETE FROM `spell_script_names` WHERE `ScriptName` IN
('spell_helix_throw_bomb_targeting',
'spell_helix_sticky_bomb_periodic_trigger',
'spell_helix_explode',
'spell_helix_oaf_grab_targeting',
'spell_helix_force_player_to_ride_oaf',
'spell_helix_oaf_smash',
'spell_helix_ride_face_targeting',
'spell_helix_ride_vehicle',
'spell_helix_ride_face_timer_aura',
'spell_helix_chest_bomb_emote',
'spell_helix_chest_bomb');

INSERT INTO `spell_script_names` (`spell_id`, `ScriptName`) VALUES
(88268, 'spell_helix_throw_bomb_targeting'),
(88329, 'spell_helix_sticky_bomb_periodic_trigger'),
(88321, 'spell_helix_explode'),
(91567, 'spell_helix_explode'),
(88974, 'spell_helix_explode'),
(91566, 'spell_helix_explode'),
(88289, 'spell_helix_oaf_grab_targeting'),
(88278, 'spell_helix_force_player_to_ride_oaf'),
(88300, 'spell_helix_oaf_smash'),
(91568, 'spell_helix_oaf_smash'),
(88349, 'spell_helix_ride_face_targeting'),
(88360, 'spell_helix_ride_vehicle'),
(88351, 'spell_helix_ride_face_timer_aura'),
(91572, 'spell_helix_chest_bomb_emote'),
(88352, 'spell_helix_chest_bomb');

-- Conditions
DELETE FROM `conditions` WHERE `SourceEntry`= 88295 AND `SourceTypeOrReferenceId`= 13;
INSERT INTO `conditions` (`SourceTypeOrReferenceId`, `SourceGroup`, `SourceEntry`, `SourceId`, `ElseGroup`, `ConditionTypeOrReference`, `ConditionTarget`, `ConditionValue1`, `ConditionValue2`, `ConditionValue3`, `NegativeCondition`, `ErrorType`, `ScriptName`, `Comment`) VALUES
(13, 1, 88295, 0, 0, 31, 0, 3, 45979, 0, 0, 0, '', 'Charge - Target General Purpose Bunny'),
(13, 1, 88295, 0, 0, 35, 0, 1, 20, 3, 0, 0, '', 'Charge - Target Distance Must be Higher than 15 yards');

-- Loot
UPDATE `creature_template` SET  `lootid`= 47296 WHERE `entry`= 47296;
UPDATE `creature_template` SET `lootid`= 48940 WHERE `entry`= 48940;
DELETE FROM `creature_loot_template` WHERE `Entry` IN (47296, 48940);
INSERT INTO `creature_loot_template` (`Entry`, `Item`, `Chance`, `LootMode`, `GroupId`, `MinCount`, `MaxCount`) VALUES
(47296, 5199, 0, 1, 1, 1, 1),
(47296, 5191, 0, 1, 1, 1, 1),
(47296, 5200, 0, 1, 1, 1, 1),
(47296, 5443, 0, 1, 1, 1, 1);

INSERT INTO `creature_loot_template` (`Entry`, `Item`, `Chance`, `LootMode`, `GroupId`, `MinCount`, `MaxCount`) VALUES
(48940, 63473, 0, 1, 1, 1, 1),
(48940, 63475, 0, 1, 1, 1, 1),
(48940, 63476, 0, 1, 1, 1, 1),
(48940, 63474, 0, 1, 1, 1, 1),
(48940, 65164, 0, 1, 1, 1, 1);


-- Template Updates
-- Glubtok
UPDATE `creature_template` SET `scriptname`= 'boss_glubtok' WHERE `entry`= 47162;
UPDATE `creature_template` SET `minlevel`=87, `maxlevel`=87 WHERE `entry`=48936;
-- General Purpose Bunny JMF Look 2
UPDATE `creature_template` SET `InhabitType`= 4 WHERE `entry`= 47242;
-- General Purpose Bunny JMF
UPDATE `creature_template` SET `InhabitType`= 4 WHERE `entry`= 45979;
-- Glubtok Firewall Platter
UPDATE `creature_template` SET `InhabitType`= 4 WHERE `entry`= 48974;

-- Texts
DELETE FROM `creature_text` WHERE `CreatureID`= 47162;
INSERT INTO `creature_text` (`CreatureID`, `GroupID`, `ID`, `Text`, `Type`, `Language`, `Probability`, `Emote`, `Duration`, `Sound`, `BroadcastTextId`, `Comment`) VALUES
(47162, 0, 0, 'Glubtok show you da power of de arcane!', 14, 0, 100, 0, 0, 21151, 47256, 'Glubtok to Player'),
(47162, 1, 0, 'Fists of flame!', 14, 0, 100, 0, 0, 21153, 47239, 'Glubtok'),
(47162, 2, 0, 'Fists of frost!', 14, 0, 100, 0, 0, 21156, 47238, 'Glubtok'),
(47162, 3, 0, 'Glubtok ready?', 14, 0, 100, 1, 0, 21154, 47361, 'Glubtok'),
(47162, 4, 0, 'Let''s do it!', 14, 0, 100, 15, 0, 21157, 47362, 'Glubtok'),
(47162, 5, 0, 'ARCANE POWER!!!', 14, 0, 100, 15, 0, 21146, 47363, 'Glubtok'),
(47162, 6, 0, '|TInterface\\Icons\\spell_holy_innerfire.blp:20|t Glubtok creates a moving |cFFFF0000|Hspell:91398|h[Fire Wall]|h|r!', 41, 0, 100, 0, 0, 0, 49155, 'Glubtok'),
(47162, 7, 0, 'TOO...MUCH...POWER!!!', 14, 0, 100, 15, 0, 21145, 47422, 'Glubtok');

-- Conditions
DELETE FROM `conditions` WHERE `SourceEntry` IN (88072, 88093) AND `SourceTypeOrReferenceId`= 13;
INSERT INTO `conditions` (`SourceTypeOrReferenceId`, `SourceGroup`, `SourceEntry`, `SourceId`, `ElseGroup`, `ConditionTypeOrReference`, `ConditionTarget`, `ConditionValue1`, `ConditionValue2`, `ConditionValue3`, `NegativeCondition`, `ErrorType`, `ScriptName`, `Comment`) VALUES
(13, 1, 88072, 0, 0, 31, 0, 3, 47162, 0, 0, 0, '', 'Arcane Fire Beam - Target Glubtok'),
(13, 1, 88093, 0, 0, 31, 0, 3, 47162, 0, 0, 0, '', 'Arcane Frost Beam - Target Glubtok');

-- Spells
DELETE FROM `spell_proc` WHERE `SpellId` IN (87900, 87897);
INSERT INTO `spell_proc` (`SpellId`, `ProcFlags`, `SpellTypeMask`, `SpellPhaseMask`, `Cooldown`) VALUES
(87900, 0x00000004, 1, 0, 4000),
(87897, 0x00000004, 1, 0, 4000);

-- Spellclick spells
DELETE FROM `npc_spellclick_spells` WHERE `npc_entry` IN (48974, 48975, 49039, 49040);
INSERT INTO `npc_spellclick_spells` (`npc_entry`, `spell_id`, `cast_flags`, `user_type`) VALUES
(48974, 46598, 1, 1),
(48975, 47020, 1, 1),
(49039, 47020, 1, 1),
(49040, 47020, 1, 1);

-- Vehicle Accessory
DELETE FROM `vehicle_template_accessory` WHERE `entry` IN (48974, 48975, 49039, 49040);
INSERT INTO `vehicle_template_accessory` (`entry`, `accessory_entry`, `seat_id`, `minion`, `description`, `summontype`, `summontimer`) VALUES
(48974, 48975, 0, 1, 'Glubtok Firewall Platter', 5, 0),
(48974, 49039, 1, 1, 'Glubtok Firewall Platter', 5, 0),
(48974, 49040, 2, 1, 'Glubtok Firewall Platter', 5, 0),
(48974, 49040, 3, 1, 'Glubtok Firewall Platter', 5, 0),
(48974, 48975, 4, 1, 'Glubtok Firewall Platter', 5, 0),
(48974, 49039, 5, 1, 'Glubtok Firewall Platter', 5, 0),
(48974, 49040, 6, 1, 'Glubtok Firewall Platter', 5, 0),
(48974, 49040, 7, 1, 'Glubtok Firewall Platter', 5, 0),
(49040, 49042, 5, 1, 'Glubtok Firewall Platter Creature Level 1c - Glubtok Firewall Platter Creature Level 2c', 5, 0), -- Glubtok Firewall Platter Creature Level 1c - Glubtok Firewall Platter Creature Level 2c
(49040, 49042, 4, 1, 'Glubtok Firewall Platter Creature Level 1c - Glubtok Firewall Platter Creature Level 2c', 5, 0), -- Glubtok Firewall Platter Creature Level 1c - Glubtok Firewall Platter Creature Level 2c
(49040, 49042, 1, 1, 'Glubtok Firewall Platter Creature Level 1c - Glubtok Firewall Platter Creature Level 2c', 5, 0), -- Glubtok Firewall Platter Creature Level 1c - Glubtok Firewall Platter Creature Level 2c
(49040, 49042, 0, 1, 'Glubtok Firewall Platter Creature Level 1c - Glubtok Firewall Platter Creature Level 2c', 5, 0), -- Glubtok Firewall Platter Creature Level 1c - Glubtok Firewall Platter Creature Level 2c
(49039, 49041, 5, 1, 'Glubtok Firewall Platter Creature Level 1b - Glubtok Firewall Platter Creature Level 2b', 5, 0), -- Glubtok Firewall Platter Creature Level 1b - Glubtok Firewall Platter Creature Level 2b
(49039, 49041, 4, 1, 'Glubtok Firewall Platter Creature Level 1b - Glubtok Firewall Platter Creature Level 2b', 5, 0), -- Glubtok Firewall Platter Creature Level 1b - Glubtok Firewall Platter Creature Level 2b
(49039, 49041, 1, 1, 'Glubtok Firewall Platter Creature Level 1b - Glubtok Firewall Platter Creature Level 2b', 5, 0), -- Glubtok Firewall Platter Creature Level 1b - Glubtok Firewall Platter Creature Level 2b
(49039, 49041, 0, 1, 'Glubtok Firewall Platter Creature Level 1b - Glubtok Firewall Platter Creature Level 2b', 5, 0), -- Glubtok Firewall Platter Creature Level 1b - Glubtok Firewall Platter Creature Level 2b
(48975, 48976, 5, 1, 'Glubtok Firewall Platter Creature Level 1a - Glubtok Firewall Platter Creature Level 2a', 5, 0), -- Glubtok Firewall Platter Creature Level 1a - Glubtok Firewall Platter Creature Level 2a
(48975, 48976, 4, 1, 'Glubtok Firewall Platter Creature Level 1a - Glubtok Firewall Platter Creature Level 2a', 5, 0), -- Glubtok Firewall Platter Creature Level 1a - Glubtok Firewall Platter Creature Level 2a
(48975, 48976, 1, 1, 'Glubtok Firewall Platter Creature Level 1a - Glubtok Firewall Platter Creature Level 2a', 5, 0), -- Glubtok Firewall Platter Creature Level 1a - Glubtok Firewall Platter Creature Level 2a
(48975, 48976, 0, 1, 'Glubtok Firewall Platter Creature Level 1a - Glubtok Firewall Platter Creature Level 2a', 5, 0); -- Glubtok Firewall Platter Creature Level 1a - Glubtok Firewall Platter Creature Level 2a

DELETE FROM `spell_script_names` WHERE `ScriptName`= 'spell_glubtok_blossom_targeting';
INSERT INTO `spell_script_names` (`spell_id`, `ScriptName`) VALUES
(88140, 'spell_glubtok_blossom_targeting');

-- Creature Fire Blossom 48957 SAI
SET @ENTRY := 48957;
UPDATE `creature_template` SET `AIName`="SmartAI" WHERE `entry`= @ENTRY;
DELETE FROM `smart_scripts` WHERE `entryorguid`=@ENTRY AND `source_type`=0;
INSERT INTO `smart_scripts` (`entryorguid`, `source_type`, `id`, `link`, `event_type`, `event_phase_mask`, `event_chance`, `event_flags`, `event_param1`, `event_param2`, `event_param3`, `event_param4`, `action_type`, `action_param1`, `action_param2`, `action_param3`, `action_param4`, `action_param5`, `action_param6`, `target_type`, `target_param1`, `target_param2`, `target_param3`, `target_x`, `target_y`, `target_z`, `target_o`, `comment`) VALUES
(@ENTRY, 0, 0, 0, 54, 0, 100, 0, 0, 0, 0, 0, 49, 0, 0, 0, 0, 0, 0, 18, 30, 0, 0, 0, 0, 0, 0, "On just summoned - Self: Attack Players in 30 yards // ");

-- Creature Frost Blossom 48957 SAI
SET @ENTRY := 48958;
UPDATE `creature_template` SET `AIName`="SmartAI" WHERE `entry`= @ENTRY;
DELETE FROM `smart_scripts` WHERE `entryorguid`=@ENTRY AND `source_type`=0;
INSERT INTO `smart_scripts` (`entryorguid`, `source_type`, `id`, `link`, `event_type`, `event_phase_mask`, `event_chance`, `event_flags`, `event_param1`, `event_param2`, `event_param3`, `event_param4`, `action_type`, `action_param1`, `action_param2`, `action_param3`, `action_param4`, `action_param5`, `action_param6`, `target_type`, `target_param1`, `target_param2`, `target_param3`, `target_x`, `target_y`, `target_z`, `target_o`, `comment`) VALUES
(@ENTRY, 0, 0, 0, 54, 0, 100, 0, 0, 0, 0, 0, 49, 0, 0, 0, 0, 0, 0, 18, 30, 0, 0, 0, 0, 0, 0, "On just summoned - Self: Attack Players in 30 yards // ");

-- Currency Loot
DELETE FROM `creature_onkill_reward` WHERE `creature_id`= 48936;
INSERT INTO `creature_onkill_reward` (`creature_id`, `CurrencyId1`, `CurrencyCount1`) VALUES
(48936, 395, 7000);

-- Loot
UPDATE creature_template SET `lootid`= 47162 WHERE `entry`= 47162;
DELETE FROM creature_loot_template WHERE `entry` IN (47162, 48936);
INSERT INTO `creature_loot_template` (`Entry`, `Item`, `Chance`, `LootMode`, `GroupId`, `MinCount`, `MaxCount`) VALUES
(47162, 5195, 0, 1, 1, 1, 1),
(47162, 2169, 0, 1, 1, 1, 1),
(47162, 5194, 0, 1, 1, 1, 1);

UPDATE creature_template SET `lootid`= 48936 WHERE `entry`= 48936;
INSERT INTO `creature_loot_template` (`Entry`, `Item`, `Chance`, `LootMode`, `GroupId`, `MinCount`, `MaxCount`) VALUES
(48936, 63467, 0, 1, 1, 1, 1),
(48936, 63468, 0, 1, 1, 1, 1),
(48936, 63471, 0, 1, 1, 1, 1),
(48936, 63470, 0, 1, 1, 1, 1),
(48936, 65163, 0, 1, 1, 1, 1);
